"No","","Account No","Name","Phone","Due Date - Payment Type","Tax","Register Date","Remark","Bill / Month","Status","Address","Action"
"4001","","1786082229","XPIN_Dionisio_Vagilla","639955521859","18 - Prepaid","Non-Active","August 07, 2026","OK
 NAPBOX:
 LCP:
 PORT:9
 TECHNICIAN:John and Renz
 FOC: 250 meters","1,000","Active","PINDANGAN WEST, ZONE 2 ALCALA PANGASINAN",""
"4002","","1786149016","XTA_MatetYanday_Laguniro","639637133112","21 - Prepaid","Non-Active","August 08, 2026","OK
 NAPBOX:4
 LCP:1
 PORT:9
 TECHNICIAN:John and Renz
 FOC: 200 meters","1,000","Active","Barangay Tatarac Purok 1 Bayambang Pangasinan",""
"4003","","1786149887","XPIN_DebbieGrace_Bete1","639187780802","11 - Prepaid","Non-Active","August 08, 2026","FOC Meters: apprx. 100
 NapBox: 
 LCP: 
 Port: 16
 Technicians: Piolo/Jerome","1,000","Active","Mannaraon St. Pindangan East Alcala Pangasinan
 OK",""
"4004","","1786151510","XPIN_Maribel_Bautista","639706436069","11 - Prepaid","Non-Active","August 08, 2026","OK
 NapBox: 2
 LCP: 
 Port: 1
 Technicians: Piolo/Jerome
 FOC Meters: apprx. 260m","1,000","Active","Pindangan East Alcala Pangasinan",""
"4005","","1786153364","XINA_Angelica_Ildefonso","639928329945","28 - Prepaid","Non-Active","August 08, 2026","OK
 NapBox:
 LCP:
 PoRT:12
 Technicians: NOMEL FLORES, ALFREDO
 FOC Meters:284","799","Active","Inanlorenza Bayambang Pangasinan",""
"4006","","1786246451","XSTP_Marjorie_Pescador","639636011787","12 - Prepaid","Non-Active","August 09, 2026","NapBox: 3
 LCP: 12
 Port: 12
 Technicians: Jeff/Romeo
 HWTC07B4A3A6
 FOC Meters: 112
 09383830093","799","Active","Address: San Antonio zone 7 sto Tomas Pangasinan
 OK",""
"4007","","1786248526","XSAN_Erika_Fernandez","639975718034","12 - Prepaid","Non-Active","August 09, 2026","FHTT97D3E110
 NapBox:
 LCP:
 Port:9
 Technicians:Edward / Ma king
 Assisted by: sir cris
 FOC Meters:400 meters","1,000","Active","Brgy san juan zone 6 alcala Pang
 OK",""
"4008","","1786325598","XSPI_Andrelyn_Pimentel","639707259396","11 - Prepaid","Non-Active","August 10, 2026","FOC Meters: apprx. 90m
 NapBox: 
 LCP: 
 Port: 4
 Technicians: Piolo/Jerome
 referred by Cris","1,000","Active","borje street. San pedro ili alcala pangasinan
 OK",""
"4009","","1786326296","XPIN_Bryan_Bagana2","639924549083","17 - Prepaid","Non-Active","August 10, 2026","OK
 NAPBOX:
 LCP:
 PORT:8
 TECHNICIAN:John and Renz
 FOC: 190 meters","1,000","Active","Zone 6 Mannaraon Pindangan East",""
"4010","","1786417025","MSPI_Kathleen_Gamet","639559650803","11 - Prepaid","Non-Active","August 11, 2026","FOC Meters:250 meters
 NapBox:
 LCP:
 Port:8
 Technicians:Edward / Ma king
 ===========
 09193886570","1,000","Active","Zone 1 Shawarma Avenue, San Pedro Ili, Alcala
 OK",""
"4011","","1786417424","MLAO_Eduado_Prestoza","639603976624","11 - Prepaid","Non-Active","August 11, 2026","09476496375
 FOC Meters:150 meters
 NapBox:8
 LCP:4
 Port:3
 Technicians:Edward / Ma king","1,000","Active","Zone 1, Laoac Alcala Pangasinan
 OK",""
"4012","","1786426494","XSC_Cecila_Dumantay","639433102897","14 - Prepaid","Non-Active","August 11, 2026","OK
 NapBox: 5
 LCP: 
 Port: 1
 Technicians: Piolo/Jerome
 FOC Meters: apprx. 120m","1,000","Active","Purok 1 Sancagulis Bayambang Pangasinan",""
"4013","","1786426858","XPIN_RoseAnn_Tercias","639924250942","12 - Prepaid","Non-Active","August 11, 2026","NapBox:
 LCP:
 Port:8
 Technicians:Edward / Ma king
 Assisted by: sir cris
 ZTEGC4421907
 FOC Meters:253 meters","1,000","Active","Mannaraon st. Pindangan East Alcala Pangasinan
 OK",""
"4014","","1786499239","MLAO_Jhun_Bagalayos","639947882735","13 - Prepaid","Non-Active","August 12, 2026","NapBox: 2
 LCP:4
 Port:16
 Technician:renz Eduard
 HWTC5E0B859C
 FOC Meters:300","1,000","Active","Pablo st Laoac West Alcala Pangasinan
 OK",""
"4015","","1786499512","MBAU_Vilma_Cayog","639459747954","21 - Prepaid","Non-Active","August 12, 2026","OK
 NapBox:7
 LCP:10
 Port:6
 Technician: Ma king / Marvin
 Assisted by: sir marben
 FOC Meters:70 meters","1,000","Active","Rizal st. Villanueva Bautista Pangasinan",""
"4016","","1786499945","XBN_Maynard_Deguzman","639380081078","12 - Prepaid","Non-Active","August 12, 2026","NapBox: 5
 LCP: 
 Port: 7
 Technicians: Piolo/Jerome
 FOC Meters: apprx. 120","1,000","Active","Manga St., Bical Norte, Bayambang, Pangasinan
 OK",""
"4017","","1786502177","XMAI_Estiphanie_Vinluan","639911409461","12 - Prepaid","Non-Active","August 12, 2026","HWTCBD6479A6
 NapBox:
 LCP:
 Port:2
 Technician: Ma king / Marvin
 FOC Meters:150 meters","1,000","Active","Purok 4 magipa Bayambang Pangasinan
 OK",""
"4018","","1786510900","XPIN_James_Biala","639932839031","24 - Prepaid","Non-Active","August 12, 2026","FOC Meters: apprx. 765m
 NapBox: 
 LCP: 
 Port: 8
 Technicians: Piolo/Jerome
 agent cris","1,500","Active","Doña aurora pindangan east alcala pang
 OK",""
"4019","","1786511376","DCA_Alfredo_Alcala","639238170276","12 - Prepaid","Non-Active","August 12, 2026","FHTT9C3684A0
 NapBox: 5
 LCP: 
 Port: 9
 Technicians: Piolo/Jerome","1,000","Active","Purok 4 Carungay Bayambang Pangasinan",""
"4020","","1786511651","DCA_Leonida_Alcala","639238170276","13 - Prepaid","Non-Active","August 12, 2026","HWTC0E7707B4
 NapBox: 5
 LCP: 
 Port: 10
 Technicians: Piolo/Jerome
 FOC Meters: apprx. 100m","1,000","Active","Purok 4 Carungay Bayambang Pangasinan
 OK",""
"4021","","1786512653","XSPI_Bernardo_Mangsat","639077175533","20 - Prepaid","Non-Active","August 12, 2026","OK
 NapBox:
 LCP:
 Port:10
 Technician: Ma king / Marvin
 FOC: 250 meters","1,000","Active","Unit 3, 1st Floor, San Pedro Eli, front of INC, Alcala, Pangasinan",""
"4022","","1786528298","XBER_Jessie_Cortel","639951644743","17 - Prepaid","Non-Active","August 12, 2026","OK
 NAPBOX:
 LCP:
 PORT:3
 TECHNICIAN:John and Renz
 FOC: 230 meters","1,000","Active","58 Belidan, Bersamin Alcala Pangasinan",""
"4023","","1786530230","XAM2_Renita_Badidles","639928251047","16 - Prepaid","Non-Active","August 12, 2026","OK
 NAPBOX:3
 LCP:1
 PORT:16
 John/Marvin
 METERS OF CABLE:140","1,000","Active","Purok 1, Ambayat 2nd, Bayambang, Pangasinan",""
"4024","","1786587740","TDU_Maryjane_Castillo","639854854073","18 - Prepaid","Non-Active","August 13, 2026","OK
 NapBox: 3
 LCP: 
 Port: 8
 Technicians: Piolo/Jerome
 Apprxm. 170 meters","1,000","Active","Purok 5 Dusoc Bbang Pangasinan",""
"4025","","1786590399","MSTP_Angelita_DelosReyes","639701351102","19 - Prepaid","Non-Active","August 13, 2026","OK
 NapBox:
 LCP:
 Port:5
 Technician: Ma king / Marvin
 FOC: 60 meters","1,000","Active","Zone 2 Sto Tomas Sto Domingo Pangasinan",""
"4026","","1786593023","MSJC_Cristopher_Castillo","639695209645","18 - Prepaid","Non-Active","August 13, 2026","OK
 NapBox:
 LCP:
 Port:14
 Technician: Ma king / Marvin
 FOC: 200 meters","1,000","Active","Zone 1,San juan Alcala",""
"4027","","1786593497","XMA_Jeffrey_Deguzman","639636656358","17 - Prepaid","Non-Active","August 13, 2026","OK
 NapBox: 2
 LCP: 
 Port: 9
 Technicians: Piolo/Jerome
 apprxm. 250 meters","1,000","Active","Purok 1 Malioer, Bayambang Pangasinan",""
"4028","","1786612154","XCS_Avelina_Valendiano","639812819492","21 - Prepaid","Non-Active","August 13, 2026","OK
 NapBox: 4
 LCP: 
 Port: 4
 Technicians: Piolo/Jerome
 Apprxm. 280 meters
 Alternative contact: 09451030076- Jamaica - pamangkin ni client","799","Active","Sto. Tomas St. Upper Cadre Site Bayambang Pangasinan",""
"4029","","1786612934","MSPI_Hershey_Arquero","639707371625","24 - Prepaid","Non-Active","August 13, 2026","NapBox:
 LCP:
 Port:1
 Technician: Ma king / Marvin","1,000","Active","Zone 7, Sitio Patalan, San Pedro Ili Alcala Pangasinan
 OK",""
"4030","","1786672881","XSTP_Camille_Pascua2","639511544570","20 - Prepaid","Non-Active","August 14, 2026","OK
 NapBox:4
 LCP:10
 Port:8
 Technician: Ma king / Marvin
 FOC: 200 meters
 -------------------
 sept 22 2026
 upgraded plan from 1k to 1500 plan see attached payment at customer details-clarisse","1,500","Active","Zone 2 San Antonio sto Tomas pangasinan",""
"4031","","1786673688","XSTP_Kenneth_Marzan","639123136311","20 - Prepaid","Non-Active","August 14, 2026","OK
 NapBox:4
 LCP:11
 Port:4
 Technician: Ma king / Marvin
 FOC: 50 meters","1,000","Active","Don fruto Seismundo St. Sto.Niño Sto.tomas pang.",""
"4032","","1786753207","XTE_Vience_Lopez","639567461170","21 - Prepaid","Non-Active","August 15, 2026","OK
 NapBox: 2
 LCP: 
 Port: 4
 Technicians: Piolo/Jerome
 Apprxm. 270 meters","799","Active","Purok 4, Telbang, Bayambang Pangasinan",""
"4033","","1786754236","XZ1_Jyka_Evangelista","639998553070","20 - Prepaid","Non-Active","August 15, 2026","OK
 Port 6
 Nomel/Alfredo
 287 Meters","799","Active","#3 Bungalow Taming Apartment, Gomez Road, Zone 1, Bayambang, Pangasinan",""
"4034","","1786755996","XAM1_Rowena_Bugarin","639511789069","20 - Prepaid","Non-Active","August 15, 2026","OK
 Port 15
 Piolo/Jerome
 Approxm. 220 meters","799","Active","Purok 2 Ambayat 1st Bayambang Pangasinan",""
"4035","","1786762677","XMN_Ruth_Rueda","639511151950","19 - Prepaid","Non-Active","August 15, 2026","OK
 NapBox: 
 LCP: 
 Port: 1
 Technicians: Piolo/Jerome
 Apprxm. 120 meters","1,000","Active","Manambong Norte,Bayambang ,Pangasinan",""
"4036","","1786763094","XBA_Apple_Manansala","639096453128","20 - Prepaid","Non-Active","August 15, 2026","OK
 NapBox:7
 LCP:1
 PoRT:16
 Technicians: NOMEL FLORES, ALFREDO
 FOC Meters:125","799","Active","Brgy Sitio 7 Guts Bani, Bayambang Pangasinan",""
"4037","","1786765324","XZ4_RenzDaniel_Solomon","639274531300","22 - Prepaid","Non-Active","August 15, 2026","OK
 NapBox: 
 LCP: 
 Port: 3
 Technicians: Piolo/Jerome
 Apprx. 250 meters","1,000","Active","Zone 4 Poblacion West, Bautista, Pangasinan",""
"4038","","1786770091","XHE_Merlinda_Frias","639123768467","19 - Prepaid","Non-Active","August 15, 2026","OK
 NapBox: 2
 LCP: 
 Port: 8
 Technicians: Piolo/Jerome
 old DD: 17/ 2 days no internet due to modem problem/ new dd: 19-darz","799","Active","Purok 5, Hermoza, B'bang., Pangasinan",""
"4039","","1786774748","XSA_Evangeline_Layoso","639957812623","20 - Prepaid","Non-Active","August 15, 2026","NAPBOX: 8
 LCP: 1
 Port: 2
 Approximately: 170 meters
 TECHNICIAN: Lester/ jojo","1,000","Active","Purok 7 Turner Sanlibo Bayambang Pangasinan
 OK",""
"4040","","1786782861","XSTP_Angelica_Revivis","639564333989","17 - Prepaid","Non-Active","August 15, 2026","OK
 NAPBOX:
 LCP:
 PORT:2
 TECHNICIAN:John and Renz
 FOC: 90 meters","1,000","Active","BRGY. SAN JOSE SANTO TOMAS PANGASINAN ZONE 4",""
"4041","","1786794007","XPIN_Reymart_Tabula","639552214271","18 - Prepaid","Non-Active","August 15, 2026","OK
 NAPBOX:
 LCP:
 PORT:6
 TECHNICIAN:John and Renz
 FOC: 150 meters","1,000","Active","pind.centro zome 6 alcala pang.",""
"4042","","1786838614","TAM2_Mylyn_Gapultos","639123784131","20 - Prepaid","Non-Active","August 16, 2026","OK
 NapBox: 7
 LCP: 
 Port: 9
 Technicians: Piolo/Jerome
 Apprxm. 140 meters","1,000","Active","PUROK 3 Ambayat  2nd  Bbang Pangasinan",""
"4043","","1786842717","XCB_Maxima_Toledo","639656752102","21 - Prepaid","Non-Active","August 16, 2026","NapBox:7
 LCP:1
 Port:2
 Technicians:Jojo/lester
 FOC Approximately 200 meters","1,000","Active","Purok 1 Cabayaoasan Mangatarem Pangasinan
 OK",""
"4044","","1786862126","XBUA_Rhealyn_Balansay","639764275203","25 - Prepaid","Non-Active","August 16, 2026","OK
 FOC Meters: apprx. 60m
 NapBox: 
 LCP: 
 Port: 11
 Technicians: Piolo/Jerome
 Alternative Contact Number: 09762332037","1,000","Active","Bargy Buayaen Bayambang Pangasinan",""
"4045","","1786864216","XAM2_Angelica_Abalos","639569426911","16 - Prepaid","Non-Active","August 16, 2026","OK
 Nap7 Port11
 John/Marvin
 referred by Agent Shei
 FOC: 270 meters","1,000","Active","Purok 3 Ambayat 2nd",""
"4046","","1786930858","XID_CausandraNicole_Tolibas","639859878598","20 - Prepaid","Non-Active","August 17, 2026","FOC Meters:150
 NapBox:4
 LCP:1
 Port:7
 Technicians:Jojo/lester","1,000","Active","Idong Bayambang Pangasinan
 OK",""
"4047","","1786932723","XSG2_Berna_Placido","639673220866","27 - Prepaid","Non-Active","August 17, 2026","OK
 NapBox:n/a
 LCP:n/a
 Port:4
 Technicians:Jojo/renz
 FOC Meters 60","1,000","Active","Purok 3 sitio lagare street San Gabriel 2nd",""
"4048","","1786937043","XANU_Siony_Alfon","639636201321","20 - Prepaid","Non-Active","August 17, 2026","OK
 NAPBOX:5
 LCP:3
 PORT:2
 TECHNICIAN:John and Renz
 FOC: 100 meters","1,000","Active","Anulid zone 6 alcala pangasinan",""
"4049","","1786950698","XSTP_Edison_Tacotaco","639504649776","17 - Prepaid","Non-Active","August 17, 2026","OK
 NAPBOX:
 LCP:
 PORT:3
 TECHNICIAN:John and Renz
 FOC: 50 meters","1,000","Active","San Jose zone 4 Santo Tomas Pangasinan",""
"4050","","1786951930","XSTP_Liza_Rivivis","639560878217","17 - Prepaid","Non-Active","August 17, 2026","OK
 NAPBOX:
 LCP:
 PORT:4
 TECHNICIAN:John and Renz
 FOC: 80 meters","1,000","Active","San Jose Santo Tomas Pangasinan",""
"4051","","1786962760","TMAN_Johnpaul_Artates","639917216932","18 - Prepaid","Non-Active","August 17, 2026","OK
 NapBox: 7
 LCP: 
 Port: 9
 Technicians: Piolo/Jerome","1,000","Active","Purok 4 Managos Bayambang Pangasinan",""
"4052","","1786963630","DTA_Edu_Baluyot","639153551067","21 - Prepaid","Non-Active","August 17, 2026","OK
 NapBox:4
 LCP:1
 PoRT:12
 Technicians: NOMEL FLORES, ALFREDO","1,000","Active","Agapito st Tatarac Bayambang Pangasinan",""
"4053","","1787010966","DAP_Janet_Agustin","639639997339","21 - Prepaid","Non-Active","August 18, 2026","OK
 NapBox:6
 LCP:1
 PoRT:15
 Technicians: NOMEL FLORES, ALFREDO 
 FOC 92 meters","1,000","Active","Purok 2 Apalen Bayambang Pangasinan",""
"4054","","1787018599","TRE_Gemma_Ricafort","639751150818","18 - Prepaid","Non-Active","August 18, 2026","OK
 NapBox: 5
 LCP: 
 Port: 16
 Technicians: Piolo/Jerome
 Apprxm. 50 meters","1,000","Active","Purok 5 Renado Bbang Pangasinan",""
"4055","","1787019041","MSPI_Herasmo_Dagarag","639193730326","19 - Prepaid","Non-Active","August 18, 2026","OK
 Nap4 Port12
 Making/Marvin
 FOC: 150 meters","1,000","Active","Dmlv subdivision san pedro ili alcala pang",""
"4056","","1787019136","MSPI_Maryrose_Deguzman","639384375599","18 - Prepaid","Non-Active","August 18, 2026","OK
 Port:3
 Technician: Ma king / Marvin
 Assisted by: sir marben
 FOC: 100 meters","1,000","Active","BLK 10 lot17-2 sapphire st doña Lourdes village",""
"4057","","1787019274","MSPI_Jezzriel_Neri","639762175981","18 - Prepaid","Non-Active","August 18, 2026","OK
 NapBox:
 LCP:
 Port:3
 Technician: Ma king / Marvin
 Assisted by: sir marben
 FOC:120 meters","1,000","Active","Doña Maria Lourdez Village
 San pedro Ili Alcala Pang",""
"4058","","1787025295","XSTP_DianneMarie_Perez","639616320712","20 - Prepaid","Non-Active","August 18, 2026","OK
 NAPBOX:
 LCP:
 PORT:5
 TECHNICIAN:John and Renz
 FOC: 220 meters","1,000","Active","Zone 4, #16 Brgy San Jose Santo Tomas Pangasinan 2426",""
"4059","","1787055188","XNS_Ernesto_CayabyabJr","639669387972","21 - Prepaid","Non-Active","August 18, 2026","OK
 NapBox: 
 LCP: 
 Port: 8
 Technicians: Piolo/Jerome
 Appxm. 100 meters","1,000","Active","ZONE 5, NIBALIW SUR, BAUTUSTA, PANGASINAN",""
"4060","","1787059209","TWA_Glydel_Peralta","639482733203","20 - Prepaid","Non-Active","August 18, 2026","OK
 NapBox: 7
 LCP: 
 Port: 16
 Technicians: Piolo/Jerome
 Apprxm. 450 meters","1,000","Active","Purok 2, Covid st. WAWA higway Bbang Pangasinan",""
"4061","","1787059353","TTAM_Janeth_Sagun","639318640896","27 - Prepaid","Non-Active","August 18, 2026","OK
 FOC Meters: apprx. 270m
 NapBox: 5
 LCP: 
 Port: 5
 Technicians: Piolo/Jerome","1,000","Active","Purok 3 Tampog Bayambang Pangasinan",""
"4062","","1787100296","MSPI_NicahMae_Marinas","639073619874","19 - Prepaid","Non-Active","August 19, 2026","OK
 NapBox:
 LCP:
 Port:7
 Technician: Ma king / Marvin
 FOC: 30 meters","799","Active","Sitio Patalan San Pedro Ili Alcala Pangasinan",""
"4063","","1787109293","MLAO_Gina_Diaz","639399083606","19 - Prepaid","Non-Active","August 19, 2026","OK
 NapBox:4
 LCP:
 Port:13
 Technician: Ma king / Marvin
 FOC: 60 meters","1,000","Active","Laoac West Alcala Pangasinan",""
"4064","","1787112093","XSPI_Ruth_Duque","639157179594","4 - Prepaid","Non-Active","August 19, 2026","NapBox: n/a
 LCP: n/a
 Port: 14
 Technicians: Jeff/Edward
 FOC Meters: 542","1,000","Active","Address (with Purok):Bacerra St. San Pedro ili, Alcala Pangasinan
 Nearest Landmark: Near at CARD Inc. alcala unit.",""
"4065","","1787126518","XSV_IvanRey_Evasco","639169192938","28 - Prepaid","Non-Active","August 19, 2026","OK
 NapBox:
 LCP:
 PoRT:10
 Technicians: NOMEL FLORES, ALFREDO
 FOC Meters:342m
 Assisted by: SIR CRIS","1,000","Active","SAN VICENTE ALCALA PANGASINAN, ZONE 2",""
"4066","","1787194607","XLAO_Josephine_Cabanatan","639271668667","20 - Prepaid","Non-Active","August 20, 2026","OK
 NAPBOX:
 LCP:
 PORT:5
 TECHNICIAN:John and Renz
 FOC: 230 meters","799","Active","Z1 Laoac Alcala Pangasinan",""
"4067","","1787196228","XLAO_Ronnie_Salinas","639090945496","23 - Prepaid","Non-Active","August 20, 2026","OK
 NapBox:5
 LCP:3
 Port:3
 Technician: Ma king / Marvin
 Assisted by: sir cris
 FOC Meters:50 meters","1,000","Active","Laoac West 6 Alcala Pangasinan",""
"4068","","1787209733","XPIN_Conrado_Maranan","639947835837","20 - Prepaid","Non-Active","August 20, 2026","OK
 NAPBOX:
 LCP:
 PORT:6
 TECHNICIAN:John and Renz
 FOC: 120 meters","799","Active","Pindangan West, Alcala Pangasinan",""
"4069","","1787210313","MANU_Cheryl_Alvarez","639810303314","26 - Prepaid","Non-Active","August 20, 2026","NAPBOX:7
 LCP:2
 PORT:10
 TECHNICIAN:John and Renz
 METERS OF CABLE:150","799","Active","Zone 4, Anulid Alcala Pangasinan",""
"4070","","1787210757","MSV_Reynaldo_Lorenzo","639973350289","21 - Prepaid","Non-Active","August 20, 2026","OK
 NapBox:
 LCP:
 Port:9
 Technician: Ma king / Marvin
 FOC: 60 meters","1,000","Active","373 rizal st. San Vicente Zone 4",""
"4071","","1787210947","MPIN_CarolMay_Mejia","639919378498","21 - Prepaid","Non-Active","August 20, 2026","OK
 NapBox:
 LCP:
 Port:10
 Technician: Ma king / Marvin
 FOC : 120 meters","1,000","Active","#55, Pindangan West Alcala, Pangasinan",""
"4072","","1787211092","MSPI_ShellaMae_Sermona","639690492745","1 - Prepaid","Non-Active","August 20, 2026","OK
 DD 29
 NapBox: 
 LCP: 
 Port: 11
 Technicians: Piolo/Jerome
 FOC Meters: apprx. 200m","1,000","Active","Zone 1 national Road San pedro ili Alcala pangasinan",""
"4073","","1787211302","MPE_Renajoyce_Deguzman","639179505309","3 - Prepaid","Non-Active","August 20, 2026","OK
 NapBox: 
 LCP: 
 Port: 3
 Technicians: Piolo/Jerome
 FOC Meters: apprx. 120m","1,000","Active","FUNSTON ST POBLACION EAST,ALCALA,PANGASINAN",""
"4074","","1787211470","MSV_Gerrycel_Ando","639496249524","25 - Prepaid","Non-Active","August 20, 2026","FOC Meters: 150
 NapBox: n/a
 LCP: n/a
 Port: 7
 Technicians: Jeff/Edward","1,000","Active","376 rizal st San Vicente Alcala Pangasinan Zone 4
 OK",""
"4075","","1787219404","TWA_Virgie_Cerezo","639685898674","22 - Prepaid","Non-Active","August 20, 2026","OK
 NapBox:7
 LCP:1
 PoRT:8
 Technicians: NOMEL FLORES, ALFREDO
 FOC 305 Meters","1,000","Active","Purok 2 Covid st. Wawa Bayambang Pangasinan",""
"4076","","1787229773","DINI_Lynlyn_Bugayong","639351666919","24 - Prepaid","Non-Active","August 20, 2026","METERS OF CABLE:230
 NAPBOX:2
 LCP:1
 PORT:14
 TECHNICIAN:John and Renz","1,000","Active","Purok 1 Inirangan Bayambang Pangasinan
 OK",""
"4077","","1787280594","MKIS_April_Guddaran","639510552941","21 - Prepaid","Non-Active","August 21, 2026","OK
 NapBox:
 LCP:
 Port:2
 Technician: Ma king / Marvin","799","Active","Zone 5, Kisikis, Alcala, Pangasinan.",""
"4078","","1787297011","XDU_Chona_Davis","639951876750","21 - Prepaid","Non-Active","August 21, 2026","OK
 NAPBOX:
 LCP:
 PORT:4
 TECHNICIAN:John and Renz
 FOC: 150 meters","1,000","Active","Purok 3, Dusoc, Bayambang, Pangasinan",""
"4079","","1787316679","XAMS_Rose_Cayabyab","639266876944","23 - Prepaid","Non-Active","August 23, 2026","FOC Meters 126
 NapBox:
 LCP:
 Port:10
 Technicians:Jojo/lester","799","Active","Purok 5 Amancosiling Sur, Bayambang Pangasinan
 OK",""
"4080","","1787357915","XSPA_Rosalie_Tagama","639451168000","23 - Prepaid","Non-Active","August 23, 2026","OK
 NapBox:
 LCP:
 Port:5
 Technician: Ma king / Marvin
 Assisted by: sir cris
 FOC Meters:200 meters","1,000","Active","Purok4 San Pedro Apartado Alcala Pang.",""
"4081","","1787367919","XTAN_Ceralyn_Junio","639109842435","25 - Prepaid","Non-Active","August 22, 2026","OK
 NapBox:
 LCP:
 PoRT:9
 Technicians: NOMEL FLORES, ALFREDO
 FOC Meters:180
 ==========================
 August 31 2026
 Son of the Client  Sir Daryl  confirmed to less the 1 day no connection at the September bill - less 33.00 -Clarisse","1,000","Active","Purok 2 Tanolong, Bayambang Pangasinan",""
"4082","","1787368903","XZ3_Jaime_Reyes","639483225548","22 - Prepaid","Non-Active","August 22, 2026","OK
 NapBox: 1
 LCP: 
 Port: 2
 Technicians: Piolo/Jerome","1,000","Active","Zone 3, Bayambang, Pangasinan",""
"4083","","1787371809","XSTP_Janice_Abalos","639065749834","26 - Prepaid","Non-Active","August 22, 2026","OK
 NAPBOX:
 LCP:
 PORT:1
 TECHNICIAN:John and Renz
 METERS OF CABLE:170","1,000","Active","73 Zone 5 Salvacion, Santo Tomas Pangasinan",""
"4084","","1787389677","XPIN_Rex_Orcajo","639774432360","24 - Prepaid","Non-Active","August 22, 2026","FOC Meters: apprx. 120m
 NapBox: 
 LCP: 
 Port: 9
 Technicians: Piolo/Jerome
 agent cris","1,000","Active","Pindangan west zone 4 alcala pangasinan
 OK",""
"4085","","1787449960","XPIN_MariaElena_Peralta","639920488101","23 - Prepaid","Non-Active","August 23, 2026","OK
 NapBox:
 LCP:
 Port:3
 Technician: Ma king / Marvin
 FOC Meters:60 meters
 Assisted by: sir cris","1,000","Active","Pindangan centro zone 7 alcala pangasinam",""
"4086","","1787468246","XPS_Vangie_Laluan","639543275425","25 - Prepaid","Non-Active","August 23, 2026","OK
 NapBox: 8
 LCP: 
 Port: 14
 Technicians: Piolo/Jerome
 FOC Meters: apprx. 280m","1,000","Active","Purok 1, Poblacion Sur, Bayambang, Pangasinan",""
"4087","","1787476409","XSTP_Dorina_Motilla","639510856061","24 - Prepaid","Non-Active","August 23, 2026","FOC Meters: apprx. 200m
 NapBox: 
 LCP: 
 Port: 4
 Technicians: Piolo/Jerome
 Agent cris","1,000","Active","Sto niño zone 4 sto tomas pangasinan
 OK",""
"4088","","1787480804","XPIN_Magdalina_Bauzon","639935256012","26 - Prepaid","Non-Active","August 23, 2026","OK
 NapBox: 
 LCP: 
 Port: 10
 Technicians: Piolo/Jerome
 FOC Meters: apprx. 70m","799","Active","pindangan east doño arora alcala pangasinan",""
"4089","","1787480967","XPIN_Marwin_Bauzon","639935256012","26 - Prepaid","Non-Active","August 23, 2026","OK
 NapBox: 
 LCP: 
 Port: 9
 Technicians: Piolo/Jerome
 FOC Meters: apprx. 210m","799","Active","Liwliwa zone 2 pindangan east alcala pangasinan",""
"4090","","1787487891","DID_Analea_Deleon","639952576454","24 - Prepaid","Non-Active","August 23, 2026","OK
 NAPBOX:
 LCP:
 PORT:1
 TECHNICIAN:John and Renz
 METERS OF CABLE: 130","799","Active","Purok 2 Idong Bayambang Pangasinan",""
"4091","","1787528365","XCS_JohnMark_Baustista","639456136105","26 - Prepaid","Non-Active","August 24, 2026","OK
 NapBox: 5
 LCP: 1
 Port: 2
 Technicians: Jeff/Edward
 Foc 141 meters","1,000","Active","Cadre Site Purok 6 Diaz Compound",""
"4092","","1787537059","MSJC_Nicanor_Corpuz","639272356065","24 - Prepaid","Non-Active","August 24, 2026","NapBox:
 LCP:
 Port:16
 Technician: Ma king / Marvin
 FOC 150 meters","1,000","Active","Luna st san juan alcala pangasinan
 OK",""
"4093","","1787557452","MSN_Noel_Cabriadas","639612262859","24 - Prepaid","Non-Active","August 24, 2026","OK
 NapBox:
 LCP:
 Port:14
 Technician: Ma king / Marvin
 FOC Meters:160 meters","1,000","Active","Castaneda st San nicolas Alcala pangasinan",""
"4094","","1787565859","XCAC_Margie_Gaspar","639068576304","27 - Prepaid","Non-Active","August 24, 2026","OK
 NapBox:
 LCP:
 PoRT:14
 Technicians: NOMEL FLORES, ALFREDO
 FOC Meters:124","799","Active","Cacandongan, Bautista Pangasinan",""
"4095","","1787566372","XMP_Lito_Junio","639074857211","28 - Prepaid","Non-Active","August 24, 2026","OK
 Installed Date: 29
 NapBox: 5
 LCP: 1
 Port: 3
 Technicians: Jeff/Edward
 FOC Meters: 119","799","Active","201 Manambong Parte Bayambang Pangasinan",""
"4096","","1787618356","MSV_Shielamae_Gade","639568111055","25 - Prepaid","Non-Active","August 25, 2026","OK
 FOC Meters: 256 
 NapBox: n/a
 LCP: n/a
 Port: 8
 Technicians: Jeff/Edward","1,000","Active","Zone 4 San Vicente Alcala pangasinan",""
"4097","","1787619670","XSA_Roxanne_Solis","639659883459","26 - Prepaid","Non-Active","August 25, 2026","OK
 NapBox:1
 LCP:1
 Port:10
 Technician: Ma king / Marvin
 FOC Meters:210 meters","1,000","Active","Purok 4 brgy sanlibo Bayambang Pangasinan",""
"4098","","1787654390","XSTP_Ryan_Morta","639610174626","26 - Prepaid","Non-Active","August 25, 2026","OK
 NapBox: 
 LCP: 
 Port: 2
 Technicians: Piolo/Jerome
 FOC Meters: apprx. 100m","1,000","Active","Zone 5 salvacion sto. Tomas pangasinan",""
"4099","","1787700378","XCB_Dennis_Linchoco","639271918215","28 - Prepaid","Non-Active","August 26, 2026","OK
 NapBox: 
 LCP: 
 Port: 2
 Technicians: Piolo/Jerome
 FOC Meters: apprx. 80m","1,000","Active","Purok 1, Cabayaoasan, Mangatarem, Pangasinan",""
"4100","","1787702881","XPIN_Lovely_Cabotaje","639304933701","26 - Prepaid","Non-Active","August 26, 2026","OK
 NapBox: 
 LCP: 
 Port: 7
 Technicians: Piolo/Jerome
 FOC Meters: apprx. 90m","799","Active","Torres st. Pindangan Centro, Alcala",""
"4101","","1787703019","XPIN_Angel_Montemayor","639108322980","26 - Prepaid","Non-Active","August 26, 2026","OK
 NapBox: 
 LCP: 
 Port: 11
 Technicians: Piolo/Jerome
 FOC Meters: apprx. 90m","799","Active","Pindangan West zone 3 Alcala",""
"4102","","1787729852","MANU_Neslene_Cruz","639167658459","27 - Prepaid","Non-Active","August 26, 2026","OK
 NapBox: n/a
 LCP: n/a
 Port: 4
 Technicians: Jeff/Edward
 FOC Meters: 230","1,000","Active","Zone 6 Anulid alcala pangasinan",""
"4103","","1787739722","XSTP_Hazel_Rabang","639667352309","28 - Prepaid","Non-Active","August 26, 2026","OK
 FOC Meters:210 meters
 NapBox:
 LCP:
 Port:2
 Technician: Ma king / Marvin
 Assisted by:Sir cris
 ===================
 August 27 2026 - For tech visit the next day  
 adjust DD to August 28 2026 -Clarisse","1,000","Active","San marcos zone 6 sto. Tomas pangasinan",""
"4104","","1787796346","XPIN_Winilinda_Dacanay","639355409600","27 - Prepaid","Non-Active","August 27, 2026","NapBox:
 LCP:
 Port:1
 Technician: Ma king / Marvin
 FOC Meters: 40 meters","1,000","Active","Pindangan West, Alcala Pangasinan",""
"4105","","1787812146","XNN_Thousand_Sunny_Laundry_Shop","639054104846","28 - Prepaid","Non-Active","August 27, 2026","OK
 NapBox: n/a
 LCP: n/a
 Port: 7
 Technicians: Jeff/Edward
 FOC Meters: 50","799","Active","Zone IV, Nibaliw Norte, Bautista, Pangasinan",""
"4106","","1787875412","TPS_Maricris_Agpawa","639917205088","28 - Prepaid","Non-Active","August 28, 2026","OK
 NapBox: 7
 LCP: 
 Port: 10
 Technicians: Piolo/Jerome
 FOC Meters: apprx. 80m","1,000","Active","Poblacion Sur Bayambang Pangasinan",""
"4107","","1787880670","XINA_Armando_Galisim","639467581878","1 - Prepaid","Non-Active","August 28, 2026","OK
 NapBox:2
 LCP:1
 Port:11
 Technicians:Jojo/marvin
 FOC Meters:190","1,000","Active","Purok -2 Inanlorenza Bayambang Pangasinan",""
"4108","","1787882643","XAMS_Vangeline_Fernandez","639556845636","2 - Prepaid","Non-Active","August 28, 2026","OK
 NapBox:none
 LCP:none
 PoRT:3
 Technicians: NOMEL FLORES, ALFREDO 
 FOC Meters:408","1,000","Active","Purok 5 Amancosiling Sur",""
"4109","","1787900828","XSG1_Juzlyn_Gomez","639603471856","1 - Prepaid","Non-Active","August 28, 2026","OK
 NapBox:5
 LCP:1
 Port:9
 Technician: Ma king / jek jek
 FOC Meters:120 meters","799","Active","Purok 3 San Gabriel 1st bayambang Pangasinan",""
"4110","","1787901576","MSTP_Thalica_Ognayon","639690788566","28 - Prepaid","Non-Active","August 28, 2026","OK
 NapBox: n/a
 LCP: n/a
 Port: 2
 Technicians: Jeff/Edward
 FOC Meters: 80","1,000","Active","Zone: Zone 4 58, Sto. Domingo, Sto. Tomas",""
"4111","","1787906184","DTE_Abegail_Ligon","639691667829","1 - Prepaid","Non-Active","August 28, 2026","OK
 NapBox:3
 LCP:1
 Port:3
 Technicians:Jojo/marvin","799","Active","Purok Telbang Bayambang Pangasinan",""
"4112","","1787908341","XNN_MarkKin_Halili","639815212623","1 - Prepaid","Non-Active","August 28, 2026","OK
 NapBox: 
 LCP: 
 Port: 2
 Technicians: Piolo/Jerome
 FOC Meters: apprx. 100m","1,000","Active","Zone 3 Nibaliw Norte Bautista Pangasinan",""
"4113","","1787916748","XSTP_AmahLea_Jacobo","639278799310","2 - Prepaid","Non-Active","August 28, 2026","OK
 NapBox:4
 LCP:10
 Port:13
 Technicians:Jojo/marvin
 FOC Meters: 130","799","Active","371 zone 6 san Antonio sto. Tomas, pangasinan",""
"4114","","1787961201","XPIN_Madelyn_Madronio","6399932114708","1 - Prepaid","Non-Active","August 29, 2026","OK
 NapBox: 
 LCP: 
 Port: 11
 Technicians: Piolo/Jerome
 Agent Cris
 FOC Meters: apprx. 170m","1,000","Active","Purok liwliwa zone 2. Pindangan east alcala pangasinan",""
"4115","","1787988889","MKIS_Johnmarco_Ibanes","639461981770","28 - Prepaid","Non-Active","August 29, 2026","OK
 DD: 29
 NapBox: 
 LCP: 
 Port: 2
 Technicians: Piolo/Jerome
 FOC Meters: apprx. 200","799","Active","Zone 5 kisikis alcala pangasinan",""
"4116","","1788008976","DTE_Filomeno_Saya","639488525697","1 - Prepaid","Non-Active","August 29, 2026","OK
 DD 30
 Nap:8
 LCP:1
 Port:13
 Technicians:Jojo/marvin
 FOC Meters: 180","1,000","Active","Telbang high Bayambang Pangasinan",""
"4117","","1788051103","XBN_Melvin_Ferrer","639772795938","1 - Prepaid","Non-Active","August 30, 2026","OK
 NAPBOX:7
 LCP:3
 PORT:1
 TECHNICIAN:John and Renz","1,000","Active","Bical Norte Bayambang Pangasinan",""
"4118","","1788064678","XPIN_Maricris_Barnachea","639480398342","1 - Prepaid","Non-Active","August 30, 2026","OK
 NapBox: 
 LCP: 
 Port: 18
 Technicians: Piolo/Jerome
 Agent Cris
 FOC Meters: apprx. 150m","1,000","Active","Pindangan Centro Torres st, Alcala, Pangasinan",""
"4119","","1788143879","XBUA_Jaime_Ferrer","639192785925","2 - Prepaid","Non-Active","August 31, 2026","OK
 NapBox:
 LCP:
 Port:13
 Technician: Ma king / jek jek
 FOC Meters:120 meters","1,000","Active","palacpac st, buayaen bayambang pangasinan",""
"4120","","1788154343","XAMS_Arniella_Rugas","639453101865","1 - Prepaid","Non-Active","August 31, 2026","OK
 NapBox:1
 LCP:1
 Port:11
 Technician: Ma king / jek jek
 FOC Meters:150 meters","1,000","Active","Amancosiling sur purok 6 Bayambang Pangasinan",""
"4121","","1788157740","XSAN_KarmylleAnn_Dimatangal","639514762265","3 - Prepaid","Non-Active","August 31, 2026","OK
 NapBox:n/a
 LCP:n/a
 Port:12
 Technicians:Jojo/marvin
 FOC Meters: 100
 ==================
 SEPTEMBER 18 2026
 MOVE 1 DAY TO DUE DATE DUE TO REPAIR- OLD DD: OCT 2 NEW DD: OCT 3 ASSIGNED TECH"" NOMEL-CLARISSE","1,000","Active","zone 2 delos santos st. San Nicolas, Alcala, Pangasinan.",""
"4122","","1788160403","XPIN_Remedeos_Bauzon","63912313802","1 - Prepaid","Non-Active","August 31, 2026","OK
 NapBox: 
 LCP: 
 Port: 12
 Technicians: Piolo/Jerome
 Agent Cris
 FOC Meters: apprx. 100m","1,000","Active","Pindangan east doña aurora alcala pangasinan",""
"4123","","1788162093","XPIN_Karla_Rivales","639939408417","1 - Prepaid","Non-Active","August 31, 2026","OK
 NapBox:2
 LCP:1
 PoRT:2
 Technicians: NOMEL FLORES, ALFREDO 
 Assisted by:SIR CRIS
 FOC Meters:252","1,000","Active","Zone 5 Mannaraon Pindangan East Alcala Pangasinan",""
"4124","","1788226981","XSTP_Gemmalyn_Baltazar","639508073570","1 - Prepaid","Non-Active","September 01, 2026","OK
 NapBox:
 LCP:
 PoRT:4
 Technicians: NOMEL FLORES, ALFREDO 
 Assisted by:SIR CRIS
 FOC Meters: 350","1,000","Active","San Jose Sto Tomas Pangasinan",""
"4125","","1788227392","XBUA_Mealane_Giron","639851316357","2 - Prepaid","Non-Active","September 02, 2026","OK
 NapBox:
 LCP:
 Port:7
 Technician: Ma king / jek jek
 FOC Meters:120 meters","799","Active","Purok 7 Buayaen Bayambang pangasinan",""
"4126","","1788229967","TWA_Rosalinda_Delacruz","639705379724","1 - Prepaid","Non-Active","September 01, 2026","OK
 NAPBOX:1
 LCP:
 PORT:13
 TECHNICIAN:Renz
 METERS OF CABLE:70","1,000","Active","Purok 4 Tanggal Wawa Bayambang Pangasinan",""
"4127","","1788231929","MSJC_Janice_Agaoid","639162956897","1 - Prepaid","Non-Active","September 01, 2026","OK
 NapBox: n/a
 LCP: n/a
 Port: 3
 Technicians: Jeff/Edward
 Assisted: Sir Marben
 FOC Meters: 140","799","Active","Zone 1 San juan alcala pangasinan",""
"4128","","1788236910","XPOG_Gemma_Ignacio","639568358566","4 - Prepaid","Non-Active","September 01, 2026","NapBox: 
 LCP: 
 Port: 6
 Technicians: Piolo/Jerome","799","Active","Pogo bautista pangasinan",""
"4129","","1788240656","MSJC_Paulo_Cacabelos","639776745203","1 - Prepaid","Non-Active","September 01, 2026","OK
 NapBox: n/a
 LCP: n/a
 Port: 8
 Technicians: Jeff/Edward
 FOC Meters: 136","1,000","Active","Sitio Canan San Juan Alcala pangasinan",""
"4130","","1788243005","XSTP_ChristianPaul_Motilla","639345675590","2 - Prepaid","Non-Active","September 01, 2026","OK
 NapBox:4
 LCP:10
 Port:14
 Technicians:Jojo/marvin
 FOC Meters:190","799","Active","Purok 6 Barangay San Antonio Sto Tomas Pangasinan",""
"4131","","1788250420","MSPI_Ma.Cecelia_Dauz","639489545180","1 - Prepaid","Non-Active","September 01, 2026","OK
 NapBox: 3
 LCP: n/a
 Port: 8
 Technicians: Jeff/Edward
 Assisted: Sir Marben
 FOC Meters: 75","1,000","Active","Dmlv subdivision san pedro ili alcala pangasinan",""
"4132","","1788258793","XPIN_Jenny_Lopez","639945662611","3 - Prepaid","Non-Active","September 01, 2026","OK
 NapBox: n/a
 LCP: n/a
 Port: 13
 Technicians: Jeff/Edward
 Assisted: Sir Cris
 FOC Meters: 210","1,000","Active","PINDANGAN EAST ALCALA PANGASINAN",""
"4133","","1788258861","MSV_Rogelio_Laurencio","639398588613","1 - Prepaid","Non-Active","September 01, 2026","OK
 NapBox: n/a
 LCP: n/a
 Port: 14
 Technicians: Jeff/Edward","799","Active","Zone 5 san vicente alcala pangasinan",""
"4134","","1788260365","XSTP_Rogelio_DeVera","639306460381","3 - Prepaid","Non-Active","September 01, 2026","NapBox: 2
 LCP: 11
 Port: 4
 Technicians: Jeff/Edward","1,000","Active","Zone 5 .San Antonio Sto. Tomas Pang.",""
"4135","","1788309618","DINA_Juanita_Ildefonso","639928329945","2 - Prepaid","Non-Active","September 02, 2026","OK
 NapBox: 4
 LCP: 
 Port: 7
 Technicians: Piolo/Jerome
 FOC Meters: apprx. 200m","1,000","Active","Purok 1, Inanlorenza Bayambang Pangasinan",""
"4136","","1788313946","MANU_Rizalyn_Lazaro","639541082649","2 - Prepaid","Non-Active","September 02, 2026","OK
 NAPBOX:5
 LCP:3
 PORT:6
 TECHNICIAN:John and Renz
 METERS OF CABLE:140","1,000","Active","Zone 6 Anulid Alcala Pangasinan",""
"4137","","1788317972","DSA_Maryrose_Castillo","639072696894","2 - Prepaid","Non-Active","September 02, 2026","OK
 NapBox: 4
 LCP: 
 Port: 9
 Technicians: Piolo/Jerome
 FOC Meters: apprx. 160m","1,000","Active","Purok 1, Sanlibo Bayambang Pangasian",""
"4138","","1788323277","MSPI_Arnold_Dacanay","639517547074","3 - Prepaid","Non-Active","September 02, 2026","OK
 NapBox: 
 LCP: 
 Port: 6
 Technicians: Piolo/Jerome
 FOC Meters: apprx. 100m","1,000","Active","Zone 6 San pedro ili Alcala pangasinan",""
"4139","","1788330286","MBSM_Ren_Torres","639193689006","2 - Prepaid","Non-Active","September 02, 2026","OK
 NAPBOX:2
 LCP:12
 PORT:3
 TECHNICIAN:John and Renz
 METERS OF CABLE: 160","1,000","Active","Camangaan Bersamin Alcala Pangasinan",""
"4140","","1788333502","MBAU_Joyce_Relox","639929912327","2 - Prepaid","Non-Active","September 02, 2026","OK
 NAPBOX:
 LCP:
 PORT:6
 TECHNICIAN:John and Renz
 METERS OF CABLE:150","1,000","Active","Zamora St villueva Bautista Pangasinan",""
"4141","","1788347851","XTAM_JohnKenneth_Magan","639670718439","7 - Prepaid","Non-Active","September 07, 2026","OK
 NapBox:7
 LCP:1
 Port:7
 Technicians:Jojo/marvin
 FOC Meters: 327","1,000","Active","Tampog bayambang pangasinan purok 2",""
"4142","","1788396866","XPE_Belinda_Garcia","639685203255","4 - Prepaid","Non-Active","September 03, 2026","OK
 NapBox: 
 LCP: 
 Port: 1
 Technicians: Piolo/Jerome
 FOC Meters: apprx. 30m","799","Active","Poblacion East Bautista",""
"4143","","1788402547","XPIN_Lester_Peralta","639935099651","5 - Prepaid","Non-Active","September 03, 2026","OK
 NAPBOX:
 LCP:
 PORT:2
 TECHNICIAN:John and Dong
 METERS OF CABLE:200","799","Active","Zone 7 Pindangan Centro Alcala Pang.",""
"4144","","1788402725","XLAO_Genie_Santiago","639924123366","3 - Prepaid","Non-Active","September 03, 2026","OK
 NapBox: n/a
 LCP: n/a
 Port: 11
 Technicians: Jeff/Edward
 Assisted: Sir Cris","799","Active","LAOAC EAST ZONE 1 VELO ST",""
"4145","","1788404096","TCS_Emmanuel_Zamora","639308566444","4 - Prepaid","Non-Active","September 03, 2026","Ok
 NapBox: 2
 LCP: 
 Port: 10
 Technicians: Piolo/Jerome
 FOC Meters: apprx. 300m","1,000","Active","Gomez st. Upper Cadre Site Bbang Pangasinan",""
"4146","","1788407698","XSTP_Rosie_Ramos","639469725576","5 - Prepaid","Non-Active","September 03, 2026","OK
 NAPBOX:
 LCP:
 PORT:6
 TECHNICIAN:John and Dong
 METERS OF CABLE:200","799","Active","San Jose Sto Tomas Pangasinan",""
"4147","","1788408835","XPA_Gloria_Bacunan","639060948183","4 - Prepaid","Non-Active","September 03, 2026","OK
 NapBox:
 LCP:
 PoRT:5
 Technicians: NOMEL FLORES, ALFREDO
 FOC Meters:95","1,500","Active","Purok 1 barangay Pangdel bayambang Pangasinan",""
"4148","","1788410744","XLAO_Evelyn_Alcantara","639305577645","5 - Prepaid","Non-Active","September 03, 2026","OK
 NAPBOX:1
 LCP:4
 PORT:6
 TECHNICIAN:John and Dong
 METERS OF CABLE:50","799","Active","Zone 5 Laoac West Alcala Pangasinan",""
"4149","","1788411170","XPW_JosephineJoan_Velasco","639672292240","3 - Prepaid","Non-Active","September 03, 2026","OK
 NapBox: n/a
 LCP: n/a
 Port: 6
 Technicians: Jeff/Edward
 FOC Meters: 290","1,000","Active","246 Mc. Arthur St. Poblacion West, Alcala Pangasinan",""
"4150","","1788413965","XKIS_Oliver_Lanorio","639176259085","4 - Prepaid","Non-Active","September 03, 2026","OK
 NapBox: n/a
 LCP: n/a
 Port: 4
 Technicians: Jeff/Edward
 Assisted: Sir Cris
 FOC Meters: 200","1,000","Active","Zone: 4 Brgy. Kisikis, Alcala, Pangasinan",""
"4151","","1788414534","MKIS_Erlyn_Peregrino","639474509229","3 - Prepaid","Non-Active","September 03, 2026","OK
 NapBox: 
 LCP: 
 Port: 6
 Technicians: Piolo/Jerome
 FOC Meters: apprx. 180m","1,000","Active","Zone 1 Kisikis Alcala Pangasinan",""
"4152","","1788417683","XID_Juliet_Agcaoili","639393455658","4 - Prepaid","Non-Active","September 03, 2026","OK
 NapBox:none
 LCP:none
 PoRT:14
 Technicians: NOMEL FLORES, ALFREDO
 FOC Meters:205","1,000","Active","Brgy Idong Purok 2 Bayambang Pangasinan",""
"4153","","1788422058","MKIS_Joy_Viernez","639949880924","3 - Prepaid","Non-Active","September 03, 2026","OK
 NapBox: 
 LCP: 
 Port: 1
 Technicians: Piolo/Jerome
 FOC Meters: apprx. 160m","1,000","Active","Zone 1 Kisikis Alcala Pangasinan",""
"4154","","1788483251","XPIN_AnaMae_Agsaoay","639345675541","4 - Prepaid","Non-Active","September 04, 2026","OK
 NapBox: n/a
 LCP: n/a
 Port: 4
 Technicians: Jeff/Edward
 Assisted: Sir Cris
 FOC Meters: 52","1,000","Active","zone 7 Pindangan West Alcala Pangasinan",""
"4155","","1788484337","DDA_Samantha_Quinit","639764023600","5 - Prepaid","Non-Active","September 04, 2026","OK
 NapBox: 2
 LCP: 
 Port: 13
 Technicians: Piolo/Jerome
 FOC Meters: apprx. 450m","1,000","Active","Purok 3 Darawey Bayambang Pangasinan",""
"4156","","1788492350","MCAN_Janice_Baladad","639994617687","4 - Prepaid","Non-Active","September 04, 2026","OK
 NAPBOX:
 LCP:
 PORT:19
 TECHNICIAN:Renz making","1,000","Active","Primicias st. canarvacanan Alcala Pangasinan",""
"4157","","1788502658","XCAC_Jefferson_DelaCruz","639915364348","5 - Prepaid","Non-Active","September 04, 2026","OK
 NapBox: n/a
 LCP: n/a
 Port: 8
 Technicians: Jeff/Edward
 FOC Meters: 196","1,000","Active","Zone 5, 46 Cacandongan Bautista Pangasinan",""
"4158","","1788504005","MSPI_Liezl_Estacio","639651369929","4 - Prepaid","Non-Active","September 04, 2026","OK
 NAPBOX:1
 LCP:
 PORT:12
 TECHNICIAN:Renz making
 METERS OF CABLE:130","1,000","Active","Blk 12 lot 1 Jade st DMLV Subdivision San Pedro ili alcala pangasinan",""
"4159","","1788505251","XCAC_Erika_Silvino","639297946405","4 - Prepaid","Non-Active","September 04, 2026","OK
 NapBox:a/n
 LCP:a/n
 Port:7
 Technicians:Jojo/marvin
 FOC Meters;180","1,000","Active","44 Cacandongan Bautista Pangasinan",""
"4160","","1788511348","MSPI_Melvin_Reyes","639652464865","4 - Prepaid","Non-Active","September 04, 2026","OK
 NAPBOX:
 LCP:
 PORT:6
 TECHNICIAN:Renz making
 METERS OF CABLE:160","799","Active","Espiritu st San pedro ili alcala pangasinan",""
"4161","","1788578452","XPE_Noel_DeGuzman","639184077739","9 - Prepaid","Non-Active","September 05, 2026","OK
 NapBox: n/a
 LCP: n/a
 Port: 2
 Technicians: Jeff/Making
 FOC Meters: 170","799","Active","Poblacion East Bautista Pangasinan",""
"4162","","1788582972","XSV_Sonny_Velo","639705105150","5 - Prepaid","Non-Active","September 05, 2026","OK
 NAPBOX:
 LCP:
 PORT:15
 TECHNICIAN:John and Dong
 METERS OF CABLE:220","1,000","Active","San Vicente, Alcala, Pangasinan",""
"4163","","1788604986","XBS_Gerald_Villedar","639928407494","8 - Prepaid","Non-Active","September 05, 2026","NapBox:N/A
 LCP:N/A
 Port:1
 Technicians:piolo/Alfredo","799","Active","Bical Sur ,Bayambang, Pangasinan",""
"4164","","1788662625","MLAO_Jean_Pablo","639152615090","6 - Prepaid","Non-Active","September 06, 2026","OK
 NapBox:7
 LCP:4
 Port:13
 Technicians:Jojo/marvin
 FOC Meters:90","1,000","Active","Zone 1 laoac East Alcala Pangasinan",""
"4165","","1788670607","XTE_Angel_DeJuan","639487777469","8 - Prepaid","Non-Active","September 06, 2026","NapBox:6
 LCP:1
 Port:2
 Technician: George / Ma king","1,000","Active","Brgy Telbang Bayambang Pangasinan In front of J&T Express",""
"4166","","1788677350","MCAN_Ralph_Cacabelos","639702317910","7 - Prepaid","Non-Active","September 06, 2026","OK
 NapBox: n/a
 LCP: n/a
 Port: 8
 Technicians: Jeff/Alfredo
 Assisted: Sir Marben
 FOC Meters: 170","1,000","Active","Delos Santos st Canarvacanan alcala pangasinan",""
"4167","","1788678666","MPE_Leggie_Laureta","639462605377","6 - Prepaid","Non-Active","September 06, 2026","OK
 NapBox:n/a
 LCP:n/a
 Port:12
 Technicians:Jojo/marvin
 FOC Meters;190","799","Active","P Sison st Poblacion East alcala pangasinan",""
"4168","","1788682722","XMN_Ronaldo_Devera","639483375740","8 - Prepaid","Non-Active","September 06, 2026","NapBox:N/A
 LCP:N/A
 Port:7
 Technicians:piolo/Alfredo 
 FOC Meters:100","1,000","Active","Manambong Norte Bayambang Pangasinan
 Landmark: Tabi ng Chapel",""
"4169","","1788683215","XSAN_Leah_Camilang","639931712650","7 - Prepaid","Non-Active","September 06, 2026","OK
 NapBox: 
 LCP: 
 Port: 10
 Technicians: Piolo/Jerome
 FOC Meters: apprx. 300m","1,000","Active","Full address. Zone5 brgy Canan,San juan Alcala Pangasinan",""
"4170","","1788741580","XPIN_MaryJane_Cerezo","639152715225","7 - Prepaid","Non-Active","September 07, 2026","OK
 NapBox: 
 LCP: 
 Port: 5
 Technicians: Piolo/Jerome
 FOC Meters: apprx. 170m","799","Active","Pindangan west zone 6 alcala pangasinan",""
"4171","","1788742980","MPINE_Chares_Ramay","639464050518","7 - Prepaid","Non-Active","September 07, 2026","OK
 NapBox: n/a
 LCP: n/a
 Port: 3
 Technicians: Jeff/Alfredo
 FOC Meters: 160","799","Active","Galleno st pindangan centro alcala pangasinan",""
"4172","","1788743617","MPINE_Franklin_Ramay","639319769774","7 - Prepaid","Non-Active","September 07, 2026","OK
 NapBox: n/a
 LCP: n/a
 Port: 4
 Technicians: Jeff/Alfredo
 Assisted: Sir Marben
 FOC Meters: 110","799","Active","Galleno st Pindangan Centro Alcala Pangasinan",""
"4173","","1788744280","XBUA_Perla_Bernales","639105435531","8 - Prepaid","Non-Active","September 07, 2026","OK
 NapBox:2
 LCP:1
 Port:15
 Technician: George / Ma king","1,000","Active","Purok 5, Buayaen Bayambang",""
"4174","","1788744666","DCA_Markvincent_Eliang","639517173422","8 - Prepaid","Non-Active","September 07, 2026","NapBox: 6
 LCP: 
 Port: 1
 Technicians: Piolo/Jerome
 FOC Meters: apprx. 120m","1,000","Active","Purok 5 Carungay Bayambang Pangasinan",""
"4175","","1788760733","XSPA_Rodolfo_Domingo","639927582797","9 - Prepaid","Non-Active","September 07, 2026","OK
 NapBox:N/A
 LCP:N/A
 Port:9
 Technicians:piolo/Alfredo 
 AGENT:cris
 FOC Meters:777","1,500","Active","Purok 6 San Pedro apartado alcala Pangasinan",""
"4176","","1788771503","XAMS_Ben_Erguiza","639386994748","9 - Prepaid","Non-Active","September 07, 2026","OK
 NapBox:none
 LCP:none
 PoRT10
 Technicians: NOMEL FLORES, IVAN TORES 
 FOC Meters:401","799","Active","Purok 5 Amangcodiling Sur Bayambang Pangasinan",""
"4177","","1788829549","MPW_Marites_Bernardo","639986100340","8 - Prepaid","Non-Active","September 08, 2026","NapBox: n/a
 LCP: n/a
 Port: 3
 Technicians: Jeff/Edward
 FOC Meters: 172","1,000","Active","Funston st. Poblacion West Alcala Pangasinan",""
"4178","","1788834701","XBED_Lingling_Bagat","639555973877","10 - Prepaid","Non-Active","September 08, 2026","OK
 NapBox:5
 LCP:1
 Port:12
 Technicians:piolo/Alfredo
 FOC Meters:216","799","Active","Brgy Bedania Mangatarem Pangasinan",""
"4179","","1788836700","MSPI_Chinster_Figuracion","639953327936","8 - Prepaid","Non-Active","September 08, 2026","NapBox: n/a
 LCP: n/a
 Port: 5
 Technicians: Jeff/Edward
 Assisted: Sir Marben","799","Active","Zone 5 San pedro ili alcala pangasinan",""
"4180","","1788853944","MPE_Gwyneth_Diaz","639693453297","8 - Prepaid","Non-Active","September 08, 2026","NapBox: n/a
 LCP: n/a
 Port: 5
 Technicians: Jeff/Edward
 Assisted: Marben","1,000","Active","New Public Market, Poblacion East Alcala Pangasinan",""
"4181","","1788912893","XBED_Charisse_Diaz","639365081638","10 - Prepaid","Non-Active","September 09, 2026","OK
 NapBox:2
 LCP:1
 Port:15
 Technicians:piolo/Alfredo 
 FOC Meters:285","1,000","Active","Purok 4 Bedania Mangatarem, Pangasinan",""
"4182","","1788927314","Test1","639171586429","11 - Prepaid","Non-Active","September 09, 2026","","799","Active","Xsv",""
"4183","","1789000511","XCB_RaulVille_Distor","639668034928","15 - Prepaid","Non-Active","September 10, 2026","OK
 NapBox: 5
 LCP: 
 Port: 12
 Technicians: Piolo/Jerome
 FOC Meters: apprx. 380m","799","Active","Purok 6 Cabayaoasan Mangatarem Pangasinan",""
"4184","","1789003302","MLAO_Aiza_Catubay","639777113638","10 - Prepaid","Non-Active","September 10, 2026","OK
 NapBox: 4
 LCP: 4
 Port: 7
 Technicians: Jeff/Renz
 FOC Meters: 135","1,000","Active","Zone 6 Laoac west alcala pang",""
"4185","","1789006048","XCS_Khornjun_Doloque","639151175162","10 - Prepaid","Non-Active","September 10, 2026","OK
 NapBox:4
 LCP:1
 Port:9
 Technicians:Jojo/jekjek
 FOC Meters:179","1,000","Active","Upper Cadre Site, Bayambang Pang",""
"4186","","1789011774","MPW_Jellyjoy_Montemayor","639275377005","10 - Prepaid","Non-Active","September 10, 2026","OK
 NapBox: n/a
 LCP: n/a
 Port: 7
 Technicians: Jeff/Renz
 FOC Meters: 86","1,000","Active","Funston st poblacion west alcala pangasinan",""
"4187","","1789021846","XSV_EdwardBenedick_Belver","639150929119","11 - Prepaid","Non-Active","September 10, 2026","OK
 NapBox:
 LCP:
 Port:12
 Technician: Edward/ Ma king
 FOC Meters:130 meters","1,000","Active","#331 Pinto Street, San Vicente, Alcala, Pangasinan",""
"4188","","1789023689","MSJC_Fe_Nardo","639389989576","10 - Prepaid","Non-Active","September 10, 2026","OK
 NapBox: n/a
 LCP: n/a
 Port: 10
 Technicians: Jeff/Renz
 FOC Meters: 103","1,000","Active","Panganiban St. san juan alcala pangasinan",""
"4189","","1789028668","MSV_Jostle_Mendoza","639318635548","10 - Prepaid","Non-Active","September 10, 2026","OK
 NapBox: n/a
 LCP: n/a
 Port: 16
 Technicians: Jeff/Renz
 FOC Meters: 190","799","Active","Rizal St. San Vicente, Alcala Pangasinan",""
"4190","","1789086036","MANU_Jeanilyn_Padillon","639686962189","11 - Prepaid","Non-Active","September 11, 2026","OK
 NapBox:7
 LCP:2
 Port:11
 Technicians:piolo/Alfredo
 FOC Meters:100","799","Active","Zone 3 Anulid Alcala Pangasinan",""
"4191","","1789086966","XTE_Faina_Mangandi","639319216148","11 - Prepaid","Non-Active","September 11, 2026","OK
 NapBox:5
 LCP:1
 Port:11
 Technicians:Jojo/jekjek
  200 meters","1,000","Active","Purok 6, Matampuhin St., Telbang, Bayambang, Pangasinan",""
"4192","","1789093481","MLAO_Noime_Lanuza","639273538407","11 - Prepaid","Non-Active","September 11, 2026","OK
 NapBox:N/A
 LCP:N/A
 Port:5
 Technicians:piolo/Alfredo
 FOC Meters:340","1,000","Active","Zone 4 Laoac East Alcala Pangasinan",""
"4193","","1789101054","XZ6_Aris_Gray","639481786076","13 - Prepaid","Non-Active","September 11, 2026","NapBox:2
 LCP:1
 Port:11
 Technician: Jomarie/ Ma king
 FOC Meters:140 meters","1,000","Active","zone vi bayambang pangasinan landmar: Campo",""
"4194","","1789105455","MSPI_Carmelita_Miran","639562802212","11 - Prepaid","Non-Active","September 11, 2026","OK
 NapBox:
 LCP:
 Port:2
 Technician: Edward/ Ma king
 FOC Meters:330 meters","1,000","Active","Zone 2 San pedro ili alcala pangasinan",""
"4195","","1789106183","MBSM_Presnida_Ibay","639701101361","11 - Prepaid","Non-Active","September 11, 2026","OK
 NapBox:N/A
 LCP:N/A
 Port:3
 Technicians:piolo/Alfredo
 FOC Meters:80","1,000","Active","Cabalitian Bersamin alcala pangasinan",""
"4196","","1789107470","MPINE_Erlyn_Fuentes","639939588090","11 - Prepaid","Non-Active","September 11, 2026","NapBox:N/A
 LCP:N/A
 Port:21
 Technicians:piolo/Alfredo
 FOC Meters:103","1,000","Active","Nario st Pindangan centro alcala pangasinan",""
"4197","","1789110106","TTAM_Jolina_Bellen","639101343747","17 - Prepaid","Non-Active","September 11, 2026","OK
 NapBox: n/a
 LCP: n/a
 Port: 2
 Technicians: Jeff/Nel
 FOC Meters: 102","1,000","Active","Purok 4 Tampog Bayambang Pangasinan",""
"4198","","1789127347","XDI_Christian_Junio","639914580466","14 - Prepaid","Non-Active","September 11, 2026","OK
 NapBox:
 LCP:
 Port:12
 Technician: ma king / Jekjek
 FOC Meters:120 meters","1,000","Active","Diaz Plaza bautista Pangasinan",""
"4199","","1789173292","XSV_Demelyn_Refujia","639753714206","14 - Prepaid","Non-Active","September 12, 2026","OK
 NapBox: 
 LCP: 
 Port: 5
 Technicians: Joemari/Jerome
 FOC Meters: apprx. 80m","1,000","Active","Zone 7 Sitio Sinabaan Brgy San Vicente Alcala Pangasinan",""
"4200","","1789185963","XPIN_GianCarlo_Pamuspusan","639928754220","14 - Prepaid","Non-Active","September 12, 2026","OK
 NapBox: 2
 LCP: 
 Port: 3
 Technicians: Joemari/Jerome
 FOC Meters: apprx. 70m","1,000","Active","ZONE 6 PINDANGAN EAST, ALCALA, PANGASINAN",""
"4201","","1789186089","XKET_Jeniffer_Castillo","639455429842","14 - Prepaid","Non-Active","September 12, 2026","OK
 NapBox: 
 LCP: 
 Port: 4
 Technicians: Joemari/Jerome
 FOC Meters: apprx. 180m","1,000","Active","Zone 1 .KETEGAN BAUTISTA PANGASINAN",""
"4202","","1789264583","XSAN_Pelagia_Limet","639463588562","14 - Prepaid","Non-Active","September 13, 2026","OK
 NapBox: 
 LCP: 
 Port: 5
 Technicians: Joemari/Jerome
 FOC Meters: apprx. 160m","1,000","Active","Zone 7 .san juan canan alcala pangasinan",""
"4203","","1789353908","XPIN_Rebecca_Agsaoay","639927386498","14 - Prepaid","Non-Active","September 14, 2026","OK
 NapBox: 
 LCP: 
 Port: 5
 Technicians: Joemari/Jerome
 FOC Meters: apprx. 80m","1,000","Active","Labuan road zone 7 Pindangan West Alcala",""
"4204","","1789356032","XAMN_Fernando_Solomon","639811698263","16 - Prepaid","Non-Active","September 14, 2026","OK
 NapBox:7
 LCP:1
 Port:2
 Technician: ma king / Jekjek
 FOC Meters:80 meters","1,000","Active","Purok 3 Amancosiling Norte Bayambang, Pangasinan",""
"4205","","1789385798","TTAN_Aldrin_Martinez","639942471684","17 - Prepaid","Non-Active","September 14, 2026","OK
 NapBox:6
 LCP:1
 Port:8
 Technicians:Jojo/Edward
 FOC Meters;260","1,000","Active","Purok 1 Tanoling Bbang Pangasinan- Centro Plaza",""
"4206","","1789440821","MSPI_Lyka_Mortera","639458225043","15 - Prepaid","Non-Active","September 15, 2026","OK
 NapBox: n/a
 LCP: n/a
 Port: 6
 Technicians: Jeff/Vanleonel
 FOC Meters: 100","1,000","Active","Espiritu st San pedro ili alcala pangasinan",""
"4207","","1789444622","XBER_Princess_Miro","639158682363","16 - Prepaid","Non-Active","September 15, 2026","OK
 NapBox: 
 LCP: 
 Port: 3
 Technicians: Piolo/Jerome
 FOC Meters: apprx. 180m","1,000","Active","Sitio Gulao Bersamin Alcala Pangasinan",""
"4208","","1789446144","XNS_Leah_Salaguinto","639294542701","17 - Prepaid","Non-Active","September 15, 2026","OK
 NapBox: 
 LCP: 
 Port: 2
 Technicians: Piolo/Jerome
 FOC Meters: apprx. 200m","1,000","Active","Nibaliw Sur Bayambang Pangasinan",""
"4209","","1789450115","MSJC_Ruben_Soriano","639162612655","15 - Prepaid","Non-Active","September 15, 2026","OK
 NapBox: n/a
 LCP: n/a
 Port: 6
 Technicians: Jeff/Vanleonel
 FOC Meters: 140","1,000","Active","Panganiban st San Juan alcala Pangasinan",""
"4210","","1789453418","MSPI_Eric_Cacayorin","639705800583","15 - Prepaid","Non-Active","September 15, 2026","Port: 15
 Technicians: Jeff/Vanleonel","1,000","Active","Espiritu st San pedro ili alcala pangasinan",""
"4211","","1789453623","MSJC_Pilar_Encio","639465295954","16 - Prepaid","Non-Active","September 15, 2026","OK
 NapBox: n/a
 LCP: n/a
 Port: 9
 Technicians: Jeff/Vanleonel
 FOC Meters: 180","1,000","Active","Sitio canan sanjuan alcala pangasinan",""
"4212","","1789515665","XSTP_BrianPaule_Palad","639458118132","16 - Prepaid","Non-Active","September 16, 2026","OK
 NapBox: 
 LCP: 
 Port: 9
 Technicians: Piolo/Jerome
 FOC Meters: apprx. 150m","1,000","Active","Zone 1 San Agustin Sto Tomas Pangasinan",""
"4213","","1789520080","MANU_Janrhee_Pajars","639702452136","16 - Prepaid","Non-Active","September 16, 2026","OK
 NapBox: 3
 LCP: 3
 Port: 9
 Technicians: Jeff/Vanleonel
 FOC Meters: 215","1,000","Active","ZONE 5 B anulid alcala pangasinan",""
"4214","","1789521965","XAMN_Anita_Menor","639695414670","17 - Prepaid","Non-Active","September 16, 2026","OK
 NapBox:4
 LCP:1
 Port:8
 Technician: ma king / Jekjek
 FOC Meters:50 meters","799","Active","Purok 9 Amangcosiling norte Bayambang Pangasinan",""
"4215","","1789528511","XPW_Richard_Aquino","639760506812","16 - Prepaid","Non-Active","September 16, 2026","OK
 NapBox: 
 LCP: 
 Port: 14
 Technicians: Piolo/Jerome
 FOC Meters: apprx. 150m","1,500","Active","Malone St Zone 6 poblacion west alcala",""
"4216","","1789535004","MSN_Dario_Custodio","639706056682","16 - Prepaid","Non-Active","September 16, 2026","OK
 NapBox: n/a
 LCP: n/a
 Port: 6
 Technicians: Jeff/Vanleonel
 FOC Meters: 230","1,000","Active","Sone 2 san nicolas Alcala Pangasinan",""
"4217","","1789566660","TAM2_Emergin_Agacite","639859786577","18 - Prepaid","Non-Active","September 16, 2026","OK
 NapBox: 8
 LCP: 1
 Port: 10
 Technicians: Jeff/Nel
 FOC Meters:  260","1,000","Active","Purok 3 Ambayat 2nd  Bbang Pangasinan",""
"4218","","1789606119","MSV_Gemma_Magriaga","6394551260137","17 - Prepaid","Non-Active","September 17, 2026","OK
 NapBox:none
 LCP:none
 PoRT.13
 Technicians: NOMEL FLORES, ALFREDO
 FOC Meters:372","1,000","Active","Zone 5 San Vicente Alcala Pangasinan",""
"4219","","1789608703","TWA_Aira_Bautista","639277805773","17 - Prepaid","Non-Active","September 17, 2026","OK
 NapBox: n/a
 LCP: n/a
 Port: 16
 Technicians: Jeff/Nel
 FOC Meters: 90","1,000","Active","Purok 4 wawa tanggal Bbang Pangasinan",""
"4220","","1789610621","XBN_Princess_Janjawi","639511295077","17 - Prepaid","Non-Active","September 17, 2026","OK
 NapBox:3
 LCP:3
 Port:1
 Technician: ma king / Jekjek
 FOC Meters:120 meters","1,000","Active","Mangga Street Purok 5 Bical Norte Bayambang Pangasinan",""
"4221","","1789611113","XINA_Sam_Tapiru","639464690148","17 - Prepaid","Non-Active","September 17, 2026","OK
 NapBox:b/a
 LCP:n/a
 Port:2
 Technicians:Jojo/Edward
 FOC Meters;280","1,000","Active","Purok 3, Inanlorenza Bayambang Pangasinan",""
"4222","","1789623108","MPE_Ysamei_Caranay","639925044128","17 - Prepaid","Non-Active","September 17, 2026","OK
 NapBox:none
 LCP:none
 PoRT.3
 Technicians: NOMEL FLORES, ALFRED
 FOC Meters:72mtrs","799","Active","Tadeo st poblacion east alcala pangasinan",""
"4223","","1789629229","MBSM_Maryjane_Callo","639516692621","17 - Prepaid","Non-Active","September 17, 2026","OK
 NapBox:none
 LCP:none
 PoRT.5
 Technicians: NOMEL FLORES, ALFREDO 
 FOC Meters:65 mtrs","1,000","Active","Cabalitian Bersamin Alcala Pangasinan",""
"4224","","1789636695","TAM2_Shila_Benosa","639300048568","18 - Prepaid","Non-Active","September 17, 2026","NapBox: 8
 LCP: n/a
 Port: 9
 Technicians: Jeff/Nel
 FOC Meters: 217","1,000","Active","Purok 3 Ambayat 2nd Bayambang Pangasinan",""
"4225","","1789699327","XCAN_IsaiahJhon_Aban","639489807479","18 - Prepaid","Non-Active","September 18, 2026","OK
 Port 1
 Technicians: NOMEL FLORES, ALFREDO 
 Assisted by: sir cris","799","Active","Canarvacanan Alcala Pangasinan",""
"4226","","1789777212","XPIN_Jenelyn_Jimenez","639859768244","19 - Prepaid","Non-Active","September 19, 2026","OK
 NapBox: 
 LCP: 
 Port: 6
 Technicians: Piolo/Jerome
 FOC Meters: apprx. 130m","799","Active","Zone 7 Pindangan Centro Alcala Pangasinan",""
"4227","","1789778263","XPIN_CharmainRose_Jimenez","639468489655","19 - Prepaid","Non-Active","September 19, 2026","OK
 NapBox: 
 LCP: 
 Port: 7
 Technicians: Piolo/Jerome
 FOC Meters: apprx. 160m","799","Active","Zone 7 Pindangan Centro Alcala Pang.",""
"4228","","1789778403","XPIN_JoMarie_Agsaoay","639925425502","19 - Prepaid","Non-Active","September 19, 2026","OK
 NapBox: 
 LCP: 
 Port: 14
 Technicians: Piolo/Jerome
 FOC Meters: apprx. 150","1,000","Active","Pindangan East Alcala Pangasinan",""
"4229","","1789792165","XBER_Jonalyn_Ganzagan","639091652199","19 - Prepaid","Non-Active","September 19, 2026","OK
 NapBox: 
 LCP: 
 Port: 3
 Technicians: Piolo/Jerome/sir cris
 FOC Meters: apprx. 240m","1,000","Active","Purok Kamangaan Bersamin Alcala Pangasinan.",""
"4230","","1789798391","XAM1_Sally_Bugarin","639123456789","19 - Prepaid","Non-Active","September 19, 2026","OK","1,000","Active","Ambayat 1st Bayambang Pangasinan",""
"4231","","1789884097","MPW_Yvette_Limpin","639566501610","20 - Prepaid","Non-Active","September 20, 2026","OK
 NapBox:a/a
 LCP:n/a
 Port:14
 Technicians:Jojo/Edward
 FOC Meters;150","1,000","Active","Rizal st Poblacion West Alcala pangasinan",""
"4232","","1789905166","XWAR_Ryan_Libang","639917042010","21 - Prepaid","Non-Active","September 20, 2026","OK
 NapBox: 4
 LCP:1
 Port:5
 Technician:renz marvin
 FOC Meters:150","799","Active","Address (with Purok): Brgy. Warding, Purok 3, Bayambang, Pangasina
 Nearest Landmark: bandang likod ng bahay ni kapitan",""
"4233","","1789956176","MCAN_Evelyn_Cabanilla","639853095080","21 - Prepaid","Non-Active","September 21, 2026","OK
 NapBox:a/a
 LCP:n/a
 Port:12
 FOC Meters;180","1,000","Active","Primicias st canarvacanan alcala pangasinan",""
"4234","","1789957331","DPA_Valentina_Manalo","639273223144","21 - Prepaid","Non-Active","September 21, 2026","OK
 NapBox:
 LCP:
 Port:7
 Technician: ma king / Jekjek
 FOC Meters:150 meters","1,000","Active","Purok 2 Pangdel Bayambang Pangasinan",""
"4235","","1789964052","MPW_Gino_Idio","639456324271","21 - Prepaid","Non-Active","September 21, 2026","Port:5
 
 Technicians:Jojo/boss dong","799","Active","Malone st poblacion west alcala pangasinan",""
"4236","","1789968937","JeanErica_German","639318378223","28 - Prepaid","Non-Active","September 21, 2026","OK
 NapBox:7
 LCP:1
 Port:12
 Technicians:Jojo/Edward
 FOC Meters: 70","1,000","Active","Purok1 cabayaoasan mangatarem pangasinan",""
"4237","","1789973828","MSPI_Marinela_Jallorina","639071603682","21 - Prepaid","Non-Active","September 21, 2026","OK
 NapBox:n/a
 LCP:n/a
 Port:10
 Technicians:Jojo/boss dong
 FOC Meters; 220","1,000","Active","Sitio patalan san pedro ili alcala pangasinan",""
"4238","","1790060189","XSTP_Dolores_Aguilar","639318064350","22 - Prepaid","Non-Active","September 22, 2026","OK
 NapBox: 3
 LCP: 
 Port: 16
 Technicians: Piolo/Jerome
 FOC Meters: apprx. 200m","1,000","Active","San Antonio Sto Tomas Pangasinan",""
"4239","","1790061612","XBUA_Manuel_Quejadas","639941013910","24 - Prepaid","Non-Active","September 22, 2026","OK
 NapBox:2
 LCP:1
 Port:16
 Technician: ma king / Nel
 FOC Meters:330 meters","799","Active","5 Buayaen Bayambang Pangasinan",""
"4240","","1790208489","DCA_Jeann_Quinit","639760669594","25 - Prepaid","Non-Active","September 24, 2026","OK
 NapBox:5
 LCP:1
 Port:11
 Technicians:piolo/jek
 FOC Meters:80","1,000","Active","Purok 4 Carungay Bayambang Pangasinan",""
"4241","","1790232889","MSN_Marcdave_DelosReyes","639639981129","24 - Prepaid","Non-Active","September 24, 2026","OK
 NapBox: 
 LCP:
 Port:8
 Technician:renz marvin
 FOC Meters:120","799","Active","30 natl rd San nicolas alcala pangasinan",""
"4242","","1790238994","MLAO_JanelaLove_Nartates","639688550611","24 - Prepaid","Non-Active","September 24, 2026","OK
 NapBox: 7
 LCP:1
 Port:8
 Technician:renz marvin
 FOC Meters:60","1,000","Active","Zone 6 laoac west alcala pangasinan",""
"4243","","1790241332","XBED_RoseAnn_Catubig","639387994389","25 - Prepaid","Non-Active","September 24, 2026","OK
 NapBox: 5
 LCP:1
 Port:8
 Technician:renz marvin
 FOC Meters:100","1,000","Active","BARANGGAY BEDANIA MANGATAREM PANGASINAN PUROK6",""
"4244","","1790330009","XTAN_Jennifer_Benosa","639513147503","25 - Prepaid","Non-Active","September 25, 2026","OK
 NapBox:N/A
 LCP:N/A
 Port:4
 Technicians:piolo/jek
 FOC Meters:100","1,000","Active","Sitio Pandel Tanolong",""
"4245","","1790379344","Anamaria_Dulay","639614896563","27 - Prepaid","Non-Active","September 26, 2026","OK
 NapBox:n/a
 LCP:n/a
 Port:4
 Technicians:Jojo/Edward
 FOC Meters;120","1,000","Active","Purok 1 Darawey Bayambang Pangasinan",""
"4246","","1790387504","Alyson_Mogol","639458105809","28 - Prepaid","Non-Active","September 26, 2026","OK
 NapBox: 
 LCP: 
 Port: 6
 Technicians: Piolo/Jerome
 FOC Meters: apprx. 260m","799","Active","Purok 3 Manambong Sur Bayambang Pangasinan",""
"4247","","1790414301","LaeAnn_Torres","639922538420","28 - Prepaid","Non-Active","September 26, 2026","OK
 Port: 5
 Technicians: Piolo/Jerome
 FOC Meters: apprx. 100m","1,000","Active","Pindangan East Purok Liwliwa Alcala Pangasinan.",""
"4248","","1790467981","Princess_Fuertes","639939423692","27 - Prepaid","Non-Active","September 27, 2026","OK
 NapBox:n/a
 LCP:n/a
 Port:11
 Technicians:Jojo/Edward
 FOC Meters:240","1,000","Active","Purok2 Pangdel Bayambang",""
"4249","","1790489491","MaryRose_Placido","639956335533","28 - Prepaid","Non-Active","September 27, 2026","OK
 NapBox: 
 LCP: 
 Port: 10
 Technicians: Piolo/Jerome
 FOC Meters: apprx. 370m","799","Active","San Gabriel 2nd Purok 3 Baltazar Bayambang Pangasinan",""
"4250","","1790491477","Mirasol_Catubay","639666276513","27 - Prepaid","Non-Active","September 27, 2026","OK
 NapBox:n/a
 LCP:1
 Port:15
 Technicians:Jojo/Edward
 FOC Meters:90","1,000","Active","Purok 4 Wawa Tnaggal Bbang Pangasinan",""
"4251","","1790496442","Lorna_Felipe","639674357456","28 - Prepaid","Non-Active","September 27, 2026","OK
 NapBox:5
 LCP:1
 PoRT.7
 Technicians: NOMEL FLORES, ALFREDO
 FOC Meters:276mtrs","1,000","Active","Purok 1 Brgy. Pangdel , Bayambang, Pangasinan",""
"4252","","1790557408","Jennifer_Laoag","639955977818","28 - Prepaid","Non-Active","September 28, 2026","OK
 NapBox:
 LCP:
 Port:3
 Technician: Edward / Ma king
 FOC Meters:180 meters","1,000","Active","Cabalitian Bersamin alcala pangasinan",""
"4253","","1790558713","Danila_Ignacio","639491647612","28 - Prepaid","Non-Active","September 28, 2026","OK
 NapBox: n/a
 LCP: n/a
 Port: 10
 Technicians: Jeff/Nel
 FOC Meters: 90","1,000","Active","Zone 1 Ketagan Bautista Pangasinan",""
"4254","","1790565946","Teresa_Lopez","639926021177","28 - Prepaid","Non-Active","September 28, 2026","OK
 NapBox:
 LCP:
 Port:7
 Technician: Edward / Ma king
 FOC Meters:80 meters","1,000","Active","Zone 2 kisikis alcala pangasinan",""
"4255","","1790574657","Lenda_Taan","639671091494","28 - Prepaid","Non-Active","September 28, 2026","NapBox:
 LCP:
 Port:7
 Technician: Ma king / Jekjek
 FOC Meters:180 meters","799","Active","Centro Buayaen Bayambang Pangasinan",""
"4256","","1790579927","Antonio Rolloda","639556808711","28 - Prepaid","Non-Active","September 28, 2026","OK
 NapBox:
 LCP:
 Port:10
 Technician: Edward / Ma king
 FOC Meters:120 meters","1,000","Active","Rizal st San vicente alcala pangasinan",""
"4257","","1790650374","Alma_Padilla","639629321689","28 - Prepaid","Non-Active","September 29, 2026","OK
 NapBox: white 
 LCP: White 
 PoRT.8
 Technicians: NOMEL FLORES, ALFREDO 
 FOC Meters:215mtrs","1,000","Active","Purok 4 Wawa Tanggal Bbang Pangasinan",""
"4258","","1790661581","Divina_Alicum","639059205937","28 - Prepaid","Non-Active","September 29, 2026","OK
 NapBox: 
 LCP: 
 Port: 1
 Technicians: Piolo/Jerome
 FOC Meters: apprx. 200","1,000","Active","Gabut st San vicente Alcala Pangasinan",""
"4259","","1790663275","Emy_Pascua","639626881704","28 - Prepaid","Non-Active","September 29, 2026","OK
 NapBox: 2
 LCP: 12
 Port: 1
 Technicians: Jeff/Nel
 FOC Meters: 110","799","Active","Camanggaan bersamin alcala pangasinan",""