NaN,Name,Phone,Account No,Invoice No,Period,Total,Status,Due Date,Isolir Date,Date Payment,Payment Method,Reference,Address,Action
NaN,XSTP_Ryan_Morta,639610174626.000,1787654390 ( 1787654390),261004949.000,Oct 2026,1,000,UNPAID,2026-10-26,2026-10-30,NaN,-,-,Zone 5 salvacion sto. Tomas pangasinan,NaN
NaN,XSTP_Teresa_Terrado,639282791936.000,1766027647 ( 1766027647),261004950.000,Oct 2026,799.000,UNPAID,2026-10-28,2026-11-01,NaN,-,-,130 SAN JOSE SAN TOTOMAS PANGASINAN,NaN
NaN,XSTP_Tom_Seismundo,639205745152.000,1747387714 ( 1747387714),261004951.000,Oct 2026,799.000,UNPAID,2026-10-18,2026-10-22,NaN,-,-,Brgy. San Jose Sto. Tomas Pangasinan,NaN
NaN,XSTP_ZhaviaScarlet_Bello,639771520589.000,1783909865 ( 1783909865),261004952.000,Oct 2026,799.000,UNPAID,2026-10-15,2026-10-19,NaN,-,-,Zone 7 sto. Niño sto. Tomas Pangasinan,NaN
NaN,XSV_Alona_Junio,639094851649.000,5700043 ( 1709247068),261004953.000,Oct 2026,1,000,UNPAID,2026-10-24,2026-10-28,NaN,-,-,Purok 5 San Vicente,NaN
NaN,XSV_Arcely_Manansala,639201044527.000,5700018 ( 5700018),261004954.000,Oct 2026,1,000,UNPAID,2026-10-02,2026-10-06,NaN,-,-,Purok 7 Bungkolan St, Brgy San Vicente Bayambang Pangasinan,NaN
NaN,XSV_Arjay_Perez,639467317002.000,5700012 ( 5700012),261004955.000,Oct 2026,1,000,UNPAID,2026-10-19,2026-10-23,NaN,-,-,Purok 5 San vicente Bayambang Pangasinan,NaN
NaN,XSV_Charlito_Dimalanta,639674460299.000,5700058 ( 1717574525),261004956.000,Oct 2026,1,000,UNPAID,2026-10-20,2026-10-24,NaN,-,-,Purok 2 San Vicente Bayambang,NaN
NaN,XSV_Conchita_Garcia,639086774960.000,5700080 ( 1732867332),261004957.000,Oct 2026,1,000,UNPAID,2026-10-14,2026-10-18,NaN,-,-,Purok 3 Brgy San Vicente Bayambang Pangasinan,NaN
NaN,XSV_Daisyca_Omnes,639087034276.000,5700048 ( 1710228373),261004958.000,Oct 2026,1,000,UNPAID,2026-10-12,2026-10-16,NaN,-,-,Purok 1 San Vicente Bayambang,NaN
NaN,XSV_Demelyn_Refujia,639753714206.000,1789173292 ( 1789173292),261004959.000,Oct 2026,1,000,UNPAID,2026-10-14,2026-10-18,NaN,-,-,Zone 7 Sitio Sinabaan Brgy San Vicente Alcala Pangasinan,NaN
NaN,XSV_EdwardBenedick_Belver,639150929119.000,1789021846 ( 1789021846),261004960.000,Oct 2026,1,000,UNPAID,2026-10-11,2026-10-15,NaN,-,-,#331 Pinto Street, San Vicente, Alcala, Pangasinan,NaN
NaN,XSV_Elizabeth_Bolima,639096482809.000,1778136289 ( 1778136289),261004961.000,Oct 2026,1,000,UNPAID,2026-10-08,2026-10-12,NaN,-,-,Purok 4, San Vicente Bayambang Pangasinan,NaN
NaN,XSV_Erasmo_Cabaloza,639096404974.000,1747533374 ( 1747533374),261004962.000,Oct 2026,1,000,UNPAID,2026-10-18,2026-10-22,NaN,-,-,Purok4 San Vicente bayambang Pangasinann,NaN
NaN,XSV_Erica_Macaraeg,639957684988.000,5700033 ( 1702944985),261004963.000,Oct 2026,1,000,UNPAID,2026-10-20,2026-10-24,NaN,-,-,Purok 7 San Vicente Bayambang Pangasinan,NaN
NaN,XSV_Estrella_Arenas,639663356870.000,230217144157 ( 230217144157),261004964.000,Oct 2026,1,000,UNPAID,2026-10-26,2026-10-29,NaN,-,-,10 Purok 3 Brgy San Vicente Bayambang Pangasinan,NaN
NaN,XSV_Gary_Abalos,639219519406.000,5700027 ( 5700027),261004965.000,Oct 2026,1,500,UNPAID,2026-10-13,2026-10-17,NaN,-,-,Purok 3 San Vicente Bayambang Pangasinan,NaN
NaN,XSV_Gellian_Prestoza,639155807377.000,5700009 ( 5700009),261004966.000,Oct 2026,1,000,UNPAID,2026-10-16,2026-10-20,NaN,-,-,Purok 3 Brgy Sanvicente Bayambang Pangasinan,NaN
NaN,XSV_George_Ventura,639300779058.000,5700010 ( 5700010),261004967.000,Oct 2026,1,000,UNPAID,2026-10-17,2026-10-21,NaN,-,-,Purok 3 Brgy San Vicente Bayambang Pangsasinan,NaN
NaN,XSV_Gloria_Grospe,639939423507.000,5700061 ( 1719900873),261004968.000,Oct 2026,1,000,UNPAID,2026-10-09,2026-10-13,NaN,-,-,Purok 4 San Vicente Bayambang,NaN
NaN,XSV_Hernalyn_Lagutin,639631359383.000,5700034 ( 1703206037),261004969.000,Oct 2026,1,000,UNPAID,2026-10-10,2026-10-14,NaN,-,-,Purok 5 San Vicente Bayambang OK,NaN
NaN,XSV_Hilda_DeGuzman,639958603440.000,1774142837 ( 1774142837),261004970.000,Oct 2026,799.000,UNPAID,2026-10-22,2026-10-26,NaN,-,-,Purok 7 Brgy San Vicente, Bayambang, Pangasinan,NaN
NaN,XSV_IvanRey_Evasco,639169192938.000,1787126518 ( 1787126518),261004971.000,Oct 2026,1,000,UNPAID,2026-10-28,2026-11-01,NaN,-,-,SAN VICENTE ALCALA PANGASINAN, ZONE 2,NaN
NaN,XSV_Jay_Habana,639943625634.000,1782097846 ( 1782097846),261004972.000,Oct 2026,799.000,UNPAID,2026-10-22,2026-10-26,NaN,-,-,San Vicente Alcala Pangasinan,NaN
NaN,XSV_Jeffrey_Masiglat,639482064079.000,5700004 ( 5700004),261004973.000,Oct 2026,1,000,UNPAID,2026-10-12,2026-10-16,NaN,-,-,Purok 7 Brgy Sanvicente Bayambang Pangasinan,NaN
NaN,XSV_Jessie_Torno,639172082871.000,5700042 ( 1709245867),261004974.000,Oct 2026,1,000,UNPAID,2026-10-19,2026-10-23,NaN,-,-,Purok 7 San Vicente UNPAID NOV DC DEC 1 8:34 AM,NaN
NaN,XSV_Jhendel_Junio,639462708453.000,1736563235 ( 1736563235),261004975.000,Oct 2026,1,000,UNPAID,2026-10-11,2026-10-15,NaN,-,-,Purok 5 San Vicente bayambang pangasinan,NaN
NaN,XSV_Joseph_Quiray,639560920574.000,1774771009 ( 1774771009),261004976.000,Oct 2026,1,000,UNPAID,2026-10-30,2026-11-03,NaN,-,-,Purok 3 San Vicente Bayambang Pangasinan, Nearest Landmark: BESIDE SAN VICENTE E/S RUSSEL&ERROL STORE PAPASOK,NaN
NaN,XSV_Justine_Prestoza,639289401287.000,1773648881 ( 1773648881),261004977.000,Oct 2026,1,000,UNPAID,2026-10-24,2026-10-28,NaN,-,-,PUROK 3 BRGY. SAN VICENTE, BAYAMBANG, PANGASINAN,NaN
NaN,XSV_KrystalGaile_Ballesteros,639777539760.000,1777616557 ( 1777616557),261004978.000,Oct 2026,1,000,UNPAID,2026-10-04,2026-10-08,NaN,-,-,Purok 4, Espiritu Compound, San Vicente, Bayambang, Pangasinan,NaN
NaN,XSV_Leonardo_Eradil,639916165567.000,1736928502 ( 1736928502),260905207.000,Oct 2026,901.000,UNPAID,2026-10-26,2026-10-30,NaN,-,-,KAPANTULAN SAN VICENTE PUROK 1 , LANDMARK: DELA CRUZ COMPOUND MAY UKAY UKAY. BLUE YUNG BUBONG WALANG PINTURA YUNG BAHAY PAPASOK SA LOOBAN. KASYA ANG 4 WHEELS. ONE WAY.,NaN
NaN,XSV_Leonora_Tucay,639467496566.000,1750213882 ( 1750213882),260905186.000,Oct 2026,868.000,UNPAID,2026-10-17,2026-10-21,NaN,-,-,PUROK 5 SAN VICENTE BAYAMBANG PANGASINAN OK,NaN
NaN,XSV_Lilibeth_Flores,639504943186.000,5700056 ( 1717467138),261004979.000,Oct 2026,1,000,UNPAID,2026-10-04,2026-10-08,NaN,-,-,Bunkulan San Vicente Bayambang,NaN
NaN,XSV_Manilyn_Abalos,639770068053.000,5700020 ( 5700020),261004980.000,Oct 2026,1,000,UNPAID,2026-10-28,2026-11-02,NaN,-,-,Purok 3 Brgy San Vicente Bayambang Pangasinan 09705074311,NaN
NaN,XSV_Manilyn_Fernandez,639518896630.000,5700013 ( 5700013),261004981.000,Oct 2026,1,000,UNPAID,2026-10-19,2026-10-23,NaN,-,-,Purok 3 Brgy SanVicente Bayambang Pangasinan,NaN
NaN,XSV_Marcelyn_Delacruz,639272203737.000,5700083 ( 1735979648),261004982.000,Oct 2026,1,000,UNPAID,2026-10-12,2026-10-16,NaN,-,-,Kapantulan San Vicente Bayambang Pangasinan OK,NaN
NaN,XSV_Mario_Magno,639203759436.000,300033 ( 1730382488),261004983.000,Oct 2026,1,000,UNPAID,2026-10-16,2026-10-20,NaN,-,-,Purok 3 Brgy San Vicente Bayambang Pangasinan,NaN
NaN,XSV_Mark_Sison,639072809977.000,5700037 ( 1706667804),261004984.000,Oct 2026,1,000,UNPAID,2026-10-28,2026-11-03,NaN,-,-,Purok 5 San Vicente,NaN
NaN,XSV_MaryAnn_Villanueva,639567267067.000,1764299676 ( 1764299676),261004985.000,Oct 2026,1,000,UNPAID,2026-10-28,2026-11-01,NaN,-,-,purok 1 san vicente, Bayambang Pangasinan,NaN
NaN,XSV_Meilyn_Delacruz,639369049617.000,230221183050 ( 230221183050),261004986.000,Oct 2026,1,000,UNPAID,2026-10-24,2026-10-28,NaN,-,-,Purok 1 San Vicente Bayambang Pangasinan,NaN
NaN,XSV_Melisa_Abraham,639957835851.000,5700025 ( 5700025),261004987.000,Oct 2026,1,000,UNPAID,2026-10-04,2026-10-08,NaN,-,-,San Vicente Bayambang Pangasinan,NaN
NaN,XSV_Michelle_Delacruz,639075190982.000,230211175974 ( 230211175974),261004988.000,Oct 2026,1,000,UNPAID,2026-10-17,2026-10-21,NaN,-,-,Purok 1 Capantulan San Vicente Bayambang Pangasinan OK,NaN
NaN,XSV_Mydie_Samson,639120172048.000,1756282833 ( 1756282833),261004989.000,Oct 2026,1,000,UNPAID,2026-10-27,2026-10-31,NaN,-,-,Purok 1 San Vicente B.Bang Pangasinan,NaN
NaN,XSV_Nelie_Cabral,639707221200.000,5700029 ( 5700029),261004990.000,Oct 2026,1,000,UNPAID,2026-10-28,2026-11-01,NaN,-,-,Purok 7 San Vicente Bayambang Pangasinan OK,NaN
NaN,XSV_Nicomedes_Cabrera,639306154797.000,1755075079 ( 1755075079),261004991.000,Oct 2026,1,000,UNPAID,2026-10-13,2026-10-17,NaN,-,-,Purok 6, San Vicente Bayambang Pangasinan JOHN/JEFF LCP 1/NAP6/PORT 13/,NaN
NaN,XSV_Norelyn_Diones,639123456789.000,5700011 ( 5700011),261004992.000,Oct 2026,1,000,UNPAID,2026-10-17,2026-10-21,NaN,-,-,Purok 3 Brgy San Vicente Bayambang Pangasinan,NaN
NaN,XSV_Odisy_Orena,639124253750.000,5700003 ( 5700003),261004993.000,Oct 2026,1,000,UNPAID,2026-10-18,2026-10-22,NaN,-,-,PUROK 4 BRGY SAN VICENTE BYB PNG,NaN
NaN,XSV_PearlJoy_Magno,639927304996.000,1764566584 ( 1764566584),261004994.000,Oct 2026,1,000,UNPAID,2026-10-01,2026-10-05,NaN,-,-,Purok 5 San Vicente Bayambang Pangasinan,NaN
NaN,XSV_Pedro_Sinay,639212108454.000,1737796108 ( 1737796108),261004995.000,Oct 2026,1,000,UNPAID,2026-10-28,2026-11-05,NaN,-,-,Purok 1 San Vicente Bayambang Pangasinan,NaN
NaN,XSV_PinkyRose_Jose,639318423352.000,1754038570 ( 1754038570),261004996.000,Oct 2026,1,000,UNPAID,2026-10-14,2026-10-18,NaN,-,-,#930 Sitio Bacayao Sinabaan San Vicente Pangasinan OK,NaN
NaN,XSV_Rachel_Deguzman,639636115818.000,230211141748 ( 230211141748),261004997.000,Oct 2026,1,000,UNPAID,2026-10-11,2026-10-15,NaN,-,-,Purok 3 San Vicente Bayambang Pangasinan,NaN
NaN,XSV_Realie_Ragos,639308646635.000,230211125123 ( 230211125123),261004998.000,Oct 2026,1,000,UNPAID,2026-10-15,2026-10-19,NaN,-,-,134 San Vicente Bayambang Pangasinan,NaN
NaN,XSV_Rona_Lumanog,639639976561.000,1771219932 ( 1771219932),261004999.000,Oct 2026,1,000,UNPAID,2026-10-17,2026-10-21,NaN,-,-,Purok #4 Brgy. San. Vicente Bayambang Pangasinan,NaN
NaN,XSV_Rubyrosa_Magno,639700791983.000,1747631277 ( 1747631277),261005000.000,Oct 2026,1,000,UNPAID,2026-10-19,2026-10-23,NaN,-,-,Purok 5 sanvicente bayambang pangasinan,NaN
NaN,XSV_Ruel_Espiritu,639065598416.000,5700006 ( 5700006),261005001.000,Oct 2026,1,000,UNPAID,2026-10-03,2026-10-07,NaN,-,-,Purok 1 Brgy San Vicente Bayambang Pangasinan,NaN
NaN,XSV_Salvie_Masiglat,639289374671.000,5700005 ( 5700005),261005002.000,Oct 2026,1,000,UNPAID,2026-10-12,2026-10-16,NaN,-,-,Purok 7 Brgy SanVicente Bayambang Pangasinan,NaN
NaN,XSV_Sandy_Laban,639052268189.000,5700002 ( 5700002),261005003.000,Oct 2026,1,000,UNPAID,2026-10-15,2026-10-19,NaN,-,-,Purok 2, Brgy San Vicente BAyambang Pangasinan OK,NaN
NaN,XSV_Sharmaine_Abalos,639272402760.000,1777943793 ( 1777943793),260905173.000,Oct 2026,835.000,UNPAID,2026-10-06,2026-10-06,NaN,-,-,Purok 3 San Vicente Bayambang OK,NaN
NaN,XSV_Shenamae_Sagun,639163022522.000,1756954934 ( 1756954934),261005004.000,Oct 2026,1,000,UNPAID,2026-10-04,2026-10-08,NaN,-,-,Purok 4 San Vicente Bayambang Pangasinan,NaN
NaN,XSV_Sherly_Ferrer,639266196775.000,1761728113 ( 1761728113),261005005.000,Oct 2026,1,000,UNPAID,2026-10-03,2026-10-07,NaN,-,-,0452 sinabaan San Vicente alcala Pangasinan,NaN
NaN,XSV_Sonny_Velo,639705105150.000,1788582972 ( 1788582972),261005006.000,Oct 2026,1,000,UNPAID,2026-10-05,2026-10-09,NaN,-,-,San Vicente, Alcala, Pangasinan,NaN
NaN,XSV_Trenz_Trinidad,639455007724.000,230217144159 ( 230217144159),261005007.000,Oct 2026,1,000,UNPAID,2026-10-28,2026-11-04,NaN,-,-,Purok 2 Brgy SanVicente Bayambang Pangasinan,NaN
NaN,XSV_Vilma_Paas,639164277019.000,1754708213 ( 1754708213),261005008.000,Oct 2026,1,000,UNPAID,2026-10-09,2026-10-13,NaN,-,-,PUROK 2 SAN VICENTE, BYB PNG,NaN
NaN,XSV_Vincent_Cabral,639301665849.000,5700044 ( 1709249331),261005009.000,Oct 2026,1,000,UNPAID,2026-10-03,2026-10-07,NaN,-,-,San Vicente Bayambang,NaN
NaN,XSV_Violeta_Junio,639305103054.000,5700031 ( 5700031),261005010.000,Oct 2026,1,000,UNPAID,2026-10-19,2026-10-23,NaN,-,-,Purok 5 San Vicente Bayambang Pangasinan,NaN
NaN,XSV_Wilford_Bato,639751031009.000,5700051 ( 1711528929),261005011.000,Oct 2026,1,000,UNPAID,2026-10-07,2026-10-11,NaN,-,-,Purok 1 San Vicente,NaN
NaN,XTAM_Albert_Lapurga,639945437464.000,1753153423 ( 1753153423),261005012.000,Oct 2026,1,000,UNPAID,2026-10-23,2026-10-27,NaN,-,-,Purok 3, Tampog, Bayambang, Pangasinan 201-3BYB24LCP1NP2P16 PIOLO / JEROME,NaN
NaN,XTAM_Alvin_Andaya,639102211994.000,6300031 ( 6300031),261005013.000,Oct 2026,1,000,UNPAID,2026-10-03,2026-10-07,NaN,-,-,Purok 2 Tampog Bayambang Pangasinan,NaN
NaN,XTAM_Anita_Mejia,639184647457.000,6300016 ( 6300016),261005014.000,Oct 2026,1,000,UNPAID,2026-10-25,2026-10-29,NaN,-,-,Purok 5 Tampog Bayambang Pangasinan OK,NaN
NaN,XTAM_Boots_Rosario,639216085866.000,1761641638 ( 1761641638),261005015.000,Oct 2026,1,500,UNPAID,2026-10-24,2026-10-28,NaN,-,-,Purok 2, Tampog,NaN
NaN,XTAM_Catherine_Villegas,639542956911.000,1782956885 ( 1782956885),261005016.000,Oct 2026,1,000,UNPAID,2026-10-08,2026-10-12,NaN,-,-,Purok 6 Brgy. Tampog, Bayambang, Pangasinan Ok,NaN
NaN,XTAM_Dharine_Fernandez,639516893797.000,6300004 ( 6300004),261005017.000,Oct 2026,1,000,UNPAID,2026-10-22,2026-10-26,NaN,-,-,Purok 3 Brgy Tampog Bayambang Pangasinan,NaN
NaN,XTAM_Domie_Primero,639077711417.000,6300024 ( 6300024),261005018.000,Oct 2026,1,000,UNPAID,2026-10-10,2026-10-16,NaN,-,-,Purok 1 Tampog Bayambang Pangasinan,NaN
NaN,XTAM_Frenjelyn_Junio,639107278931.000,6300006 ( 6300006),261005019.000,Oct 2026,1,000,UNPAID,2026-10-11,2026-10-18,NaN,-,-,Brgy Tampog Bayambang Pangasinan RECON AUG 12 REF # : 2019 930 959450,NaN
NaN,XTAM_Grace_Ragos,639100022926.000,6300020 ( 6300020),261005020.000,Oct 2026,1,000,UNPAID,2026-10-20,2026-10-27,NaN,-,-,69 Purok 3 Tampog Bayambang Pangasinan,NaN
NaN,XTAM_Grande_Flores,639278006055.000,10000003 ( 1717477355),261005021.000,Oct 2026,1,000,UNPAID,2026-10-04,2026-10-08,NaN,-,-,Purok 2 Tampog Bayambang,NaN
NaN,XTAM_Jaymarie_Ragos,639317765639.000,1747972566 ( 1747972566),261005022.000,Oct 2026,1,000,UNPAID,2026-10-06,2026-10-10,NaN,-,-,Purok 3 tampog bayambang pangasinan,NaN
NaN,XTAM_Jennelyn_Tiongson,639353972274.000,6300025 ( 6300025),261005023.000,Oct 2026,1,000,UNPAID,2026-10-03,2026-10-07,NaN,-,-,Purok 2 Tampog Bayambang Pangasinan,NaN
NaN,XTAM_JohnKenneth_Magan,639670718439.000,1788347851 ( 1788347851),261005024.000,Oct 2026,1,000,UNPAID,2026-10-07,2026-10-11,NaN,-,-,Tampog bayambang pangasinan purok 2,NaN
NaN,XTAM_Johnmelvin_Martinez,639518899743.000,1745460996 ( 1745460996),261005025.000,Oct 2026,1,500,UNPAID,2026-10-24,2026-10-28,NaN,-,-,Purok 1,tampog, bayambang, pangasinan,NaN
NaN,XTAM_John_Odon,639339962845.000,6300018 ( 6300018),261005026.000,Oct 2026,1,000,UNPAID,2026-10-18,2026-10-22,NaN,-,-,Purok 2 Tampg Bayambang Pangasinan,NaN
NaN,XTAM_Jovelyn_Macaraeg,639519923882.000,1746289710 ( 1746289710),261005027.000,Oct 2026,1,000,UNPAID,2026-10-14,2026-10-21,NaN,-,-,Purok 6 Tampog Bayambang. pangasinan OK,NaN
NaN,XTAM_Jover_Maregmen,639925060003.000,6300037 ( 1730389760),261005028.000,Oct 2026,1,000,UNPAID,2026-10-28,2026-11-03,NaN,-,-,Purok 1 Brgy Tampog Bayambang Pangasinan,NaN
NaN,XTAM_Jovito_Lumibao,639605386204.000,1768807714 ( 1768807714),261005029.000,Oct 2026,1,000,UNPAID,2026-10-20,2026-10-24,NaN,-,-,Purok 3 Tampog Bayambang Pangasinan,NaN
NaN,XTAM_Julita_Valenzuela,639517356727.000,6300022 ( 6300022),261005030.000,Oct 2026,1,000,UNPAID,2026-10-02,2026-10-02,NaN,-,-,PUROK 3 BRGY TAMPOG BYB PNG,NaN
NaN,XTAM_Leonilo_Bautista,639707304264.000,6300035 ( 1726584587),261005031.000,Oct 2026,1,000,UNPAID,2026-10-11,2026-10-18,NaN,-,-,Purok 5 Brgy Tampog Bayambang Pangasinan,NaN
NaN,XTAM_Lezyl_Tomas,639485325621.000,1784950126 ( 1784950126),261005032.000,Oct 2026,1,000,UNPAID,2026-10-27,2026-10-31,NaN,-,-,Purok 3 Tampog, Bayambang, Pangasinan OK,NaN
NaN,XTAM_Lorelie_Bautista,639391407342.000,10000004 ( 1718093934),261005033.000,Oct 2026,1,000,UNPAID,2026-10-11,2026-10-15,NaN,-,-,Purok 1 Tampog Bayambang,NaN
NaN,XTAM_Lydia_Primero,639999345164.000,1762484438 ( 1762484438),261005034.000,Oct 2026,1,000,UNPAID,2026-10-20,2026-10-24,NaN,-,-,purok 1, tampog,NaN
NaN,XTAM_Lyndonmark_Velasco,639462896023.000,6300005 ( 6300005),261005035.000,Oct 2026,1,000,UNPAID,2026-10-01,2026-10-05,NaN,-,-,Purok 6 Brgy Tampog Bayambang Pangasinan,NaN
NaN,XTAM_MarkJesher_Agbayani,639123456789.000,1783987850 ( 1783987850),261005036.000,Oct 2026,1,000,UNPAID,2026-10-14,2026-10-18,NaN,-,-,Near Bilad Tampog boundary Bayambang pangasinan OK,NaN
NaN,XTAM_May_Jimenez,639121199704.000,6300028 ( 6300028),261005037.000,Oct 2026,1,000,UNPAID,2026-10-18,2026-10-22,NaN,-,-,Tampog Bayambang Pangasinan,NaN
NaN,XTAM_Merly_Primero_Asendido,639569905784.000,6300021 ( 6300021),261005038.000,Oct 2026,1,000,UNPAID,2026-10-21,2026-10-25,NaN,-,-,19 Purok 3 Brgy Tampog Bayambang Pangasinan OK,NaN
NaN,XTAM_Michael_Lapurga,639915603308.000,1781590273 ( 1781590273),260905204.000,Oct 2026,901.000,UNPAID,2026-10-18,2026-10-22,NaN,-,-,nearby tampog barangay hall OK,NaN
NaN,XTAM_Mildred_Martinez,639518899743.000,1782653653 ( 1782653653),261005039.000,Oct 2026,1,000,UNPAID,2026-10-28,2026-11-02,NaN,-,-,Purok 3 Tampog, Bayambang, Pangasinan,NaN
NaN,XTAM_Oscar_Hipolito,639981595855.000,6300007 ( 6300007),261005040.000,Oct 2026,1,000,UNPAID,2026-10-16,2026-10-20,NaN,-,-,Brgy Tampog Bayambang Pangasinan OK,NaN
NaN,XTAM_Pamela_Agabao,639922059883.000,6300033 ( 1722911333),261005041.000,Oct 2026,1,000,UNPAID,2026-10-28,2026-11-02,NaN,-,-,Purok5 Tampog Bayambang Pangasinan OK,NaN
NaN,XTAM_Randy_Villegas,639077514776.000,1752481130 ( 1752481130),261005042.000,Oct 2026,1,500,UNPAID,2026-10-28,2026-11-03,NaN,-,-,#5 Purok 1, Tampog Bayambang Pangasinan Philippines PORT 1 JEFF / PAPA DONG,NaN
NaN,XTAM_Ricardo_Yadao,639638546314.000,1736233801 ( 1736233801),261005043.000,Oct 2026,1,000,UNPAID,2026-10-07,2026-10-11,NaN,-,-,Purok 4,tampog bayambang pangasinan,NaN
NaN,XTAM_Rico_Dejesus,639063021511.000,1752049404 ( 1752049404),261005044.000,Oct 2026,1,000,UNPAID,2026-10-09,2026-10-13,NaN,-,-,Purok 5, Tampog, Bayambang, Pangasinan 201-3BYB7LCP1NP5P13 Piolo/Jerome,NaN
NaN,XTAM_Rowena_Asugas,639388950120.000,6300003 ( 6300003),261005045.000,Oct 2026,1,000,UNPAID,2026-10-03,2026-10-07,NaN,-,-,Purok 3 Brgy Tampog Bayambang Pangasinan jeff/charlie port 5,NaN
NaN,XTAM_Sherly_Lapurga,639301786596.000,1772084036 ( 1772084036),261005046.000,Oct 2026,1,000,UNPAID,2026-10-26,2026-10-30,NaN,-,-,purok 3 tampog bayambang pangasinan near water station OK,NaN
NaN,XTAM_Thomas_Asendido,639569905784.000,1785813218 ( 1785813218),261005047.000,Oct 2026,1,000,UNPAID,2026-10-16,2026-10-20,NaN,-,-,Purok 3, Tampog Bayambang Pangasinan,NaN
NaN,XTAM_Villa_Ragos,639300892027.000,1755677242 ( 1755677242),261005048.000,Oct 2026,1,000,UNPAID,2026-10-22,2026-10-26,NaN,-,-,Purok 3, Tampog B'bang Pang. Port 16 Tech: Jeff/Joemari,NaN
NaN,XTAM_Zaldy_Flores,639500649815.000,6300014 ( 6300014),261005049.000,Oct 2026,1,500,UNPAID,2026-10-21,2026-10-25,NaN,-,-,Brgy Tampog Bayambang Pangasinan,NaN
NaN,XTAN_Adela_Manesia,639467503717.000,230427090334 ( 230427090334),261005050.000,Oct 2026,1,000,UNPAID,2026-10-17,2026-10-21,NaN,-,-,Sitio Bengal Brgy Tanolong Bayambang Pangasinan,NaN
NaN,XTAN_Andres_Martinez,639317411692.000,1756523204 ( 1756523204),261005051.000,Oct 2026,1,000,UNPAID,2026-10-28,2026-11-04,NaN,-,-,267 Purok 2, B'bang Pang.,NaN
NaN,XTAN_Angelica_Dacal,639075188665.000,6400060 ( 1709220437),261005052.000,Oct 2026,1,000,UNPAID,2026-10-24,2026-10-28,NaN,-,-,Sitio Bakanti Tanolong,NaN
NaN,XTAN_Arcenia_Macaraeg,639975298789.000,6400076 ( 1719910681),261005053.000,Oct 2026,1,500,UNPAID,2026-10-12,2026-10-16,NaN,-,-,Purok 2 Tanolong Bayambang,NaN
NaN,XTAN_Babylyn_Fernandez,639480367762.000,6400027 ( 6400027),261005054.000,Oct 2026,1,000,UNPAID,2026-10-16,2026-10-20,NaN,-,-,Purok 3 Sitio Pangdel Bayambang Pangasinan,NaN
NaN,XTAN_Beljohn_Barte,639517453397.000,6400021 ( 6400021),261005055.000,Oct 2026,1,500,UNPAID,2026-10-18,2026-10-25,NaN,-,-,Purok 2 Brgy Tanulong bayambang Pangasinan,NaN
NaN,XTAN_Brazil_Navarro,639511788198.000,1770351741 ( 1770351741),261005056.000,Oct 2026,1,000,UNPAID,2026-10-06,2026-10-10,NaN,-,-,SITIO bacanti purok 1 tanulung bayambang pangasinan,NaN
NaN,XTAN_Ceralyn_Junio,639109842435.000,1787367919 ( 1787367919),261005057.000,Oct 2026,1,000,UNPAID,2026-10-25,2026-10-29,NaN,-,-,Purok 2 Tanolong, Bayambang Pangasinan,NaN
NaN,XTAN_Cresencio_Perez,639707722449.000,6400088 ( 1724902234),261005058.000,Oct 2026,1,000,UNPAID,2026-10-28,2026-11-03,NaN,-,-,Tanolong Bayambang Pangasinan,NaN
NaN,XTAN_Danny_Alcantara,639399552900.000,6400054 ( 1706939990),261005059.000,Oct 2026,1,000,UNPAID,2026-10-03,2026-10-07,NaN,-,-,Sitio Bakante Tanolong,NaN
NaN,XTAN_Desirie_Casillan,639207976115.000,6400055 ( 1707786881),261005060.000,Oct 2026,1,000,UNPAID,2026-10-12,2026-10-16,NaN,-,-,Purok 1 Tanolong,NaN
NaN,XTAN_Eddie_Junio,639928641592.000,1774932825 ( 1774932825),261005061.000,Oct 2026,1,000,UNPAID,2026-10-20,2026-10-24,NaN,-,-,purok 3 sitio pandel bayambang tanolong OK,NaN
NaN,XTAN_Ella_Escosio,639850751851.000,1779945361 ( 1779945361),261005062.000,Oct 2026,1,000,UNPAID,2026-10-28,2026-11-01,NaN,-,-,Purok 1 Centro Plaza Barangay Tanolong Bayambang Pangasinan,NaN
NaN,XTAN_Emmanuel_Pameruyan,639099412994.000,1749180253 ( 1749180253),261005063.000,Oct 2026,1,000,UNPAID,2026-10-14,2026-10-17,NaN,-,-,Purok 2 Tanolong Bayambang pangasinan,NaN
NaN,XTAN_Florencia_Espanto,639097603013.000,4900002 ( 4900002),261005064.000,Oct 2026,1,000,UNPAID,2026-10-28,2026-11-02,NaN,-,-,1 centro Tanolong Bayambang Pangasinan,NaN
NaN,XTAN_Gilbert_Palaming,639771516700.000,6400041 ( 6400041),261005065.000,Oct 2026,1,000,UNPAID,2026-10-22,2026-10-26,NaN,-,-,Tanolong Bayambang Pangasinan,NaN
NaN,XTAN_Irene_Arenos,639451887047.000,1739780205 ( 1739780205),261005066.000,Oct 2026,1,000,UNPAID,2026-10-17,2026-10-24,NaN,-,-,Purok 2 Tanolong Bayambang Pangasinan,NaN
NaN,XTAN_Jaira_Joie_Dacal,639458391159.000,6400037 ( 6400037),261005067.000,Oct 2026,1,000,UNPAID,2026-10-01,2026-10-05,NaN,-,-,Centro Tanolong Bayambang Pangasinan,NaN
NaN,XTAN_Janmark_Gamos,639167394553.000,6400062 ( 1709246051),261005068.000,Oct 2026,1,000,UNPAID,2026-10-26,2026-10-30,NaN,-,-,Purok 1 Tanolong,NaN
NaN,XTAN_Jennifer_Benosa,639513147503.000,1790330009 ( 1790330009),261005069.000,Oct 2026,1,000,UNPAID,2026-10-25,2026-10-29,NaN,-,-,Sitio Pandel Tanolong,NaN
NaN,XTAN_Jerico_Junio,639318379869.000,6400038 ( 6400038),261005070.000,Oct 2026,1,000,UNPAID,2026-10-28,2026-11-01,NaN,-,-,390 Sitio Pangdel Brgy Tanolong Bayambang Pangasinan,NaN
NaN,XTAN_JoanaMarie_Bacani,639930738289.000,1779242914 ( 1779242914),261005071.000,Oct 2026,1,000,UNPAID,2026-10-24,2026-10-28,NaN,-,-,Bacante Tanolong Bayambang Pangasinan,NaN
NaN,XTAN_Jocelyn_Terrado,639129513075.000,6400045 ( 6400045),261005072.000,Oct 2026,1,000,UNPAID,2026-10-26,2026-10-30,NaN,-,-,Purok 1 Bacante Tanolong Bayambang Pangasinan,NaN
NaN,XTAN_Jollie_Andres,639916885851.000,6400091 ( 1727052701),261005073.000,Oct 2026,1,000,UNPAID,2026-10-12,2026-10-16,NaN,-,-,Purok 3 Brgy Tanolong Bayambang Pangasinan,NaN
NaN,XTAN_Jomari_Matabang_Malicdem,639318412447.000,6400023 ( 6400023),261005074.000,Oct 2026,1,000,UNPAID,2026-10-28,2026-11-03,NaN,-,-,Purok 3 nibaliw Tanolong Bayambang Pangasinan,NaN
NaN,XTAN_Jorous_Benitez,639167732516.000,6400004 ( 6400004),261005075.000,Oct 2026,1,500,UNPAID,2026-10-01,2026-10-05,NaN,-,-,381 Purok 3 Brgy Tanolong Bayambang Pangasinan,NaN
NaN,XTAN_Joy_Garcia,639167732600.000,6400051 ( 6400051),261005076.000,Oct 2026,1,000,UNPAID,2026-10-25,2026-10-29,NaN,-,-,Sitio Pandel Brgy.Tanolong Bayambang OK,NaN
NaN,XTAN_Juanito_Junio,639562916522.000,6400070 ( 1714024891),261005077.000,Oct 2026,1,000,UNPAID,2026-10-18,2026-10-22,NaN,-,-,Purok 3 Sitio Pandel Tanolong OK,NaN
NaN,XTAN_Justine_Andres,639504945262.000,6400082 ( 1722930708),261005078.000,Oct 2026,1,000,UNPAID,2026-10-14,2026-10-18,NaN,-,-,Sitio Pangdel Brgy Tanolong Bayambang Pangasinan,NaN
NaN,XTAN_KeeshiaPearl_Arante,639638595318.000,6400064 ( 1709249258),261005079.000,Oct 2026,1,000,UNPAID,2026-10-28,2026-11-01,NaN,-,-,Centro Tanolong Bayambang,NaN
NaN,XTAN_Kemvirlee_Bacani,639519489774.000,6400071 ( 1715223288),261005080.000,Oct 2026,1,000,UNPAID,2026-10-15,2026-10-19,NaN,-,-,Purok 1 Tanolong,NaN
NaN,XTAN_Larry_Andres,639475015883.000,1773466828 ( 1773466828),261005081.000,Oct 2026,799.000,UNPAID,2026-10-15,2026-10-19,NaN,-,-,PUROK 3 SITIO PANGDEL TANOLONG,NaN
NaN,XTAN_Leandro_Castro,639664500523.000,230427090328 ( 230427090328),261005082.000,Oct 2026,1,000,UNPAID,2026-10-28,2026-11-04,NaN,-,-,Zone 3 Brgy Tanolong Bayambang Pangasinan,NaN
NaN,XTAN_Lydia_Paragas,639309589214.000,1780880616 ( 1780880616),261005083.000,Oct 2026,1,000,UNPAID,2026-10-09,2026-10-13,NaN,-,-,47 SITIO BAKANTE TANOLONG BAYAMBANG, PANGASINAN,NaN
NaN,XTAN_Maila_Guevarra,639949235942.000,1781921347 ( 1781921347),261005084.000,Oct 2026,1,000,UNPAID,2026-10-20,2026-10-24,NaN,-,-,Sitio Bacante, Purok 1 Tanolong Bayambang Pangasinan OK,NaN
NaN,XTAN_MariaSherlene_Siacon,639190018310.000,6400020 ( 6400020),261005085.000,Oct 2026,1,000,UNPAID,2026-10-28,2026-11-02,NaN,-,-,Sitio Pangdel Brgy Tanolong Bayambang Pangasinan,NaN
NaN,XTAN_Maricris_Caranto,639262726086.000,6400043 ( 6400043),261005086.000,Oct 2026,1,000,UNPAID,2026-10-28,2026-11-02,NaN,-,-,179 Purok 1 Brgy Tanolong Bayambang Pangasinan OK,NaN
NaN,XTAN_Marilou_Casillan,639514438592.000,6400034 ( 6400034),261005087.000,Oct 2026,1,000,UNPAID,2026-10-28,2026-11-04,NaN,-,-,Sitio Pangdel Brgy Tanolong Bayambang Pangasinan,NaN
NaN,XTAN_Mark_Junio,639215081302.000,1736243337 ( 1736243337),261005088.000,Oct 2026,1,000,UNPAID,2026-10-07,2026-10-11,NaN,-,-,#220 Sitio Bengal Tanolong Bayambang Pangasinan,NaN
NaN,XTAN_Masalome_Sabangan,639519489774.000,6400085 ( 1724296212),261005089.000,Oct 2026,1,000,UNPAID,2026-10-28,2026-11-01,NaN,-,-,191 Centro Tanolong Bayambang Pangasinan,NaN
NaN,XTAN_Melinda_Mendoza,639305342276.000,6400024 ( 6400024),261005090.000,Oct 2026,1,000,UNPAID,2026-10-07,2026-10-11,NaN,-,-,222 Brgy Tanolong Bayambang Pangasinan,NaN
NaN,XTAN_MhelCrissa_Fernandez,639274735035.000,6400030 ( 6400030),261005091.000,Oct 2026,700.000,UNPAID,2026-10-22,2026-10-26,NaN,-,-,379 sitio Pangdel Brgy Tanolong Bayambang Pangasinan,NaN
NaN,XTAN_Minerva_Xavier,639478586474.000,230427090332 ( 230427090332),261005092.000,Oct 2026,1,000,UNPAID,2026-10-23,2026-10-27,NaN,-,-,Sitio Pangdel Brgy Tanolong Bayambang Pangasinan,NaN
NaN,XTAN_Modesto_Perez,639567605615.000,6400087 ( 1724902139),261005093.000,Oct 2026,1,000,UNPAID,2026-10-28,2026-11-03,NaN,-,-,Brgy Tanolong Bayambang Pangasinan OK,NaN
NaN,XTAN_Nicxon_Dacal,639666408687.000,6400075 ( 1719299036),261005094.000,Oct 2026,1,000,UNPAID,2026-10-25,2026-10-29,NaN,-,-,Tanolong Bayambang,NaN
NaN,XTAN_Nieves_Junio,639304240454.000,1750823196 ( 1750823196),261005095.000,Oct 2026,1,000,UNPAID,2026-10-25,2026-10-29,NaN,-,-,Sitio pangdel purok 3 tanolong bbang pang,NaN
NaN,XTAN_Pablo_Casillan,639361033502.000,6400013 ( 6400013),261005096.000,Oct 2026,1,000,UNPAID,2026-10-22,2026-10-26,NaN,-,-,Tanolong Bayambang Pangasinan,NaN
NaN,XTAN_Peter_Ferrer,639936202871.000,6400092 ( 1727052856),261005097.000,Oct 2026,1,000,UNPAID,2026-10-12,2026-10-16,NaN,-,-,193 Purok 2 Brgy Tanolong Bayambang Pangasinan OK,NaN
NaN,XTAN_RayAn_Casillan,639051757953.000,1767537289 ( 1767537289),261005098.000,Oct 2026,1,000,UNPAID,2026-10-07,2026-10-14,NaN,-,-,401 purok 3 sitio Pandel Tanolong Bayambang Pangasinan beside Jojo Casillan,NaN
NaN,XTAN_Renante_Dacal,639673246704.000,6400049 ( 6400049),261005099.000,Oct 2026,1,000,UNPAID,2026-10-06,2026-10-10,NaN,-,-,Purok 1 Tanolong Bayambang Pangasinan,NaN
NaN,XTAN_Renzjake_Paragas,639631570830.000,1747968320 ( 1747968320),260805408.000,Oct 2026,1,000,UNPAID,2026-10-02,2026-10-06,NaN,-,-,Purok 1, Sitio Vacante, Tanolong, Bayambang, Pangasinan,NaN
NaN,XTAN_Roberto_Perez,639231028346.000,6400029 ( 6400029),261005100.000,Oct 2026,1,000,UNPAID,2026-10-23,2026-10-27,NaN,-,-,Sitio Pangdel Brgy Tanolong Bayambang Pangasinan,NaN
NaN,XTAN_Robert_Junio,639150089312.000,6400059 ( 1709186645),261005101.000,Oct 2026,1,000,UNPAID,2026-10-28,2026-11-08,NaN,-,-,Purok 3 Tanolong Bayambang Pangasinan,NaN
NaN,XTAN_Rolly_Junio,639919737337.000,1767754186 ( 1767754186),261005102.000,Oct 2026,1,000,UNPAID,2026-10-07,2026-10-14,NaN,-,-,143 Purok 3 Sitio Pangdel, Tanolong BYB Pang.,NaN
NaN,XTAN_Ryzel_Mendoza,639936202360.000,1740820428 ( 1740820428),261005103.000,Oct 2026,1,000,UNPAID,2026-10-07,2026-10-14,NaN,-,-,Purok 2 sitio bengal tanolong bayambang pangasinan,NaN
NaN,XTAN_Thelma_Frias,639946840166.000,6400094 ( 1730372006),261005104.000,Oct 2026,1,000,UNPAID,2026-10-22,2026-10-26,NaN,-,-,Purok 2 Brgy Tanolong Bayambang Pangasinan OK,NaN
NaN,XTAN_Tony_Terrado,639388193719.000,6400039 ( 6400039),261005105.000,Oct 2026,1,000,UNPAID,2026-10-16,2026-10-20,NaN,-,-,213 Purok 1 Brgy Tanulung Bayambang Pangasinan,NaN
NaN,XTAN_Tracy_Tamondong,639706487378.000,6400048 ( 6400048),261005106.000,Oct 2026,1,000,UNPAID,2026-10-14,2026-10-18,NaN,-,-,Purok 2 Tanolong Bayambang,NaN
NaN,XTAN_Vicente_Suria,639317793084.000,6400025 ( 6400025),261005107.000,Oct 2026,1,000,UNPAID,2026-10-07,2026-10-11,NaN,-,-,246 Bunga Brgy Tanolong Bayambang Pangasinan,NaN
NaN,XTAN_Victor_Zamora,639192158888.000,6400005 ( 6400005),261005108.000,Oct 2026,1,350,PAID,2026-10-03,2026-10-10,2026-10-01,Cash,-,377 Brgy Tanolong Bayambang Panasinan,NaN
NaN,XTAN_Virginia_Mendoza,639675113754.000,6400095 ( 1731219816),261005109.000,Oct 2026,1,000,UNPAID,2026-10-06,2026-10-13,NaN,-,-,Purok 2 Sitio Hacienda Brgy Tanolong Bayambang Pangasinan,NaN
NaN,XTAN_Winnie_Sabangan,639518933497.000,1736480253 ( 1736480253),261005110.000,Oct 2026,1,000,UNPAID,2026-10-28,2026-11-03,NaN,-,-,Purok 2 bengal Tanolong Bayambang Pangasinan,NaN
NaN,XTA_Adrian_Pardales,639929124263.000,6500036 ( 1716511707),261005111.000,Oct 2026,800.000,UNPAID,2026-10-08,2026-10-09,NaN,-,-,Tatarac Bayambang OK,NaN
NaN,XTA_Alexismae_Navelgas,639567204662.000,230214104509 ( 230214104509),261005112.000,Oct 2026,1,000,UNPAID,2026-10-20,2026-10-24,NaN,-,-,Purok 2 Brgy Tatarac Bayambang Pangasinan OK,NaN
NaN,XTA_Alma_Gabriel,639183054399.000,230204104415 ( 230204104415),261005113.000,Oct 2026,1,000,UNPAID,2026-10-02,2026-10-06,NaN,-,-,Tatarac Bayambang Pangasinan,NaN
NaN,XTA_Antonio_Dumlao,639662666932.000,6500014 ( 6500014),261005114.000,Oct 2026,1,000,UNPAID,2026-10-26,2026-10-30,NaN,-,-,Ramon St, Purok 2 Brgy Tatarac Bayambang Pangasinan,NaN
NaN,XTA_Arjay_Yandoc,639702121113.000,6500038 ( 1718008405),261005115.000,Oct 2026,1,500,UNPAID,2026-10-15,2026-10-22,NaN,-,-,Purok 2 Tatarac OK,NaN
NaN,XTA_Catherine_Aquino,639122712730.000,1762400961 ( 1762400961),261005116.000,Oct 2026,1,000,UNPAID,2026-10-06,2026-10-10,NaN,-,-,Tatarac OK,NaN
NaN,XTA_Cindy_Grospe,639708317506.000,6500009 ( 6500009),261005117.000,Oct 2026,1,000,UNPAID,2026-10-06,2026-10-10,NaN,-,-,Miguel St, Purok 3 Brgy Tatarac Bayambang Pangasinan,NaN
NaN,XTA_Diane_Asuncion,639917144465.000,6500020 ( 1703290625),261005118.000,Oct 2026,1,000,UNPAID,2026-10-22,2026-10-26,NaN,-,-,Tatarac Bayambang Pangasinan,NaN
NaN,XTA_Dinia_Aquino,639175865407.000,1739844703 ( 1739844703),261005119.000,Oct 2026,1,000,UNPAID,2026-10-18,2026-10-22,NaN,-,-,Purok 3 miguel street brgy. Tatarac bayambang pangasinan,NaN
NaN,XTA_Elsie_Pimentel,639197787632.000,230203105822 ( 230203105822),261005120.000,Oct 2026,1,000,UNPAID,2026-10-23,2026-10-27,NaN,-,-,Barangay Tatarac Bayambang Pangasinan,NaN
NaN,XTA_Erlinda_Corpuz,639600712027.000,6500058 ( 1741854810),261005121.000,Oct 2026,1,000,UNPAID,2026-10-22,2026-10-26,NaN,-,-,Purok 1 tatarac BAYAMBANG PANGASINAN,NaN
NaN,XTA_Esmael_Aquino,639772661333.000,1760324249 ( 1760324249),261005122.000,Oct 2026,1,000,UNPAID,2026-10-13,2026-10-17,NaN,-,-,Tatarac Bayambang Pangasinan,NaN
NaN,XTA_Genaline_Gabriel,639107096215.000,230211176014 ( 230211176014),261005123.000,Oct 2026,500.000,UNPAID,2026-10-27,2026-10-31,NaN,-,-,24 Tatarac Bayambang Pangasinan OK,NaN
NaN,XTA_Giezel_Asuncion,639956456100.000,230211175995 ( 230211175995),261005124.000,Oct 2026,1,000,UNPAID,2026-10-15,2026-10-19,NaN,-,-,Brgy Tatarac Bayambang Pangasinan,NaN
NaN,XTA_Gina_Aquino,639635184700.000,1751614879 ( 1751614879),261005125.000,Oct 2026,1,000,UNPAID,2026-10-02,2026-10-06,NaN,-,-,Ramon st. Purok 2 tatarac bayambamg pangasinan 201-4BYB65LCP1NP5P8 JOHAN / MICHAEL,NaN
NaN,XTA_Glaiza_Galsim,639461967495.000,230211173335 ( 230211173335),261005126.000,Oct 2026,1,000,UNPAID,2026-10-06,2026-10-10,NaN,-,-,18 brgy tatarac bayambang pangasinan,NaN
NaN,XTA_Grace_Romano,639380938214.000,6500008 ( 6500008),261005127.000,Oct 2026,1,000,UNPAID,2026-10-06,2026-10-10,NaN,-,-,Purok 3 Miguel St, Brgy Tatarac Bayambang Pangasinan,NaN
NaN,XTA_Jameson_Rabarra,639937148053.000,6500030 ( 1709792110),261005128.000,Oct 2026,1,000,UNPAID,2026-10-11,2026-10-15,NaN,-,-,Rizal Street Tatarac UNPAID SEP DC SEP 11 RECON OCT 14,NaN
NaN,XTA_James_Corpuz,639812885891.000,6500026 ( 1709766241),261005129.000,Oct 2026,1,000,UNPAID,2026-10-22,2026-10-26,NaN,-,-,Purok 3 Barangay Tatarac Bayambang,NaN
NaN,XTA_jerson_fajardo,639123456789.000,230211175970 ( 230211175970),261005130.000,Oct 2026,1,000,UNPAID,2026-10-28,2026-11-03,NaN,-,-,13 Patricio tatarac Bayambang Pangasinan,NaN
NaN,XTA_Jimmy_Aranaga,639941018032.000,6500044 ( 1724134816),261005131.000,Oct 2026,1,000,UNPAID,2026-10-17,2026-10-21,NaN,-,-,Brgy Tatarac Bayambang Pangasinan,NaN
NaN,XTA_Jomari_Barnachea_Mercado,639666504201.000,6500037 ( 1717240311),261005132.000,Oct 2026,1,000,UNPAID,2026-10-01,2026-10-08,NaN,-,-,Rizal Tatarac Bayambang Pangasinan PPPOE : Mikee Mercado,NaN
NaN,XTA_Joy_Remillosa,639811600262.000,1783649856 ( 1783649856),261005133.000,Oct 2026,1,000,UNPAID,2026-10-10,2026-10-14,NaN,-,-,Address (with Purok): Purok 2 Patricio Street Tatarac Bayambang Pangasinan OK,NaN
NaN,XTA_katherine_alcala,639386888024.000,230204115039 ( 230204115039),261005134.000,Oct 2026,1,000,UNPAID,2026-10-01,2026-10-05,NaN,-,-,Tatarac Bayambang Pangasinan,NaN
NaN,XTA_Kenjie_DeGuzman,639917144468.000,6500011 ( 6500011),261005135.000,Oct 2026,1,000,UNPAID,2026-10-03,2026-10-07,NaN,-,-,Brgy Tatarac Bayambang Pangasinan,NaN
NaN,XTA_Lany_Cabrera,639274159545.000,230204120212 ( 230204120212),261005136.000,Oct 2026,1,000,UNPAID,2026-10-28,2026-11-04,NaN,-,-,Agapito Tatarac Bayambang Pangasinan OK,NaN
NaN,XTA_Lina_Aquino,639508251024.000,1751007902 ( 1751007902),261005137.000,Oct 2026,1,000,UNPAID,2026-10-28,2026-11-04,NaN,-,-,PUROK 2 TATARAC BAYAMBANG PNG 201-4BYB65LCP1NP5P16 Johansen/michael,NaN
NaN,XTA_Lolita_Salon,639063249959.000,1759310262 ( 1759310262),261005138.000,Oct 2026,1,000,UNPAID,2026-10-02,2026-10-06,NaN,-,-,#19 Rizal street Tatarac Bayambang Pangasinan,NaN
NaN,XTA_Marilou_Cajes,639516774709.000,6500028 ( 1709787427),261005139.000,Oct 2026,1,000,UNPAID,2026-10-12,2026-10-16,NaN,-,-,Miguel St. Tatarac Bayambang,NaN
NaN,XTA_MatetYanday_Laguniro,639637133112.000,1786149016 ( 1786149016),261005140.000,Oct 2026,1,000,UNPAID,2026-10-21,2026-10-25,NaN,-,-,Barangay Tatarac Purok 1 Bayambang Pangasinan,NaN
NaN,XTA_Merrygrace_Favi,639164957262.000,230204092530 ( 230204092530),261005141.000,Oct 2026,1,000,UNPAID,2026-10-11,2026-10-15,NaN,-,-,Rizal Tatarac Bayambang Pangasinan,NaN
NaN,XTA_Michael_Asuncion,639949692501.000,6500027 ( 1709784448),261005142.000,Oct 2026,1,000,UNPAID,2026-10-27,2026-10-31,NaN,-,-,Rizal Street Tatarac,NaN
NaN,XTA_Myla_Velasquez,639503657917.000,6500057 ( 1735896372),261005143.000,Oct 2026,1,000,UNPAID,2026-10-23,2026-10-27,NaN,-,-,#9 Ramon St, Brgy Tatarac Bayambang Pangasinan,NaN
NaN,XTA_Nestor_Aquino,639499585458.000,6500043 ( 1723865219),261005144.000,Oct 2026,1,000,UNPAID,2026-10-17,2026-10-24,NaN,-,-,Brgy Tatarac Bayambang Pangasinan,NaN
NaN,XTA_Norberto_Corpuz,639506842163.000,6500024 ( 1709246318),261005145.000,Oct 2026,1,000,UNPAID,2026-10-20,2026-10-24,NaN,-,-,Purok 1 Tatarac,NaN
NaN,XTA_Norma_Valdez,639667404007.000,230204105819 ( 230204105819),261005146.000,Oct 2026,1,000,UNPAID,2026-10-12,2026-10-16,NaN,-,-,Ramon Tatarac Bayambang Pangsinan,NaN
NaN,XTA_Paulino_Baldelomar,639297063758.000,230221183058 ( 230221183058),261005147.000,Oct 2026,1,000,UNPAID,2026-10-28,2026-11-03,NaN,-,-,Purok 1 Brgy Tatarac Bayambang Pangasinan,NaN
NaN,XTA_Perlita_Marcelo,639454902441.000,1777855658 ( 1777855658),261005148.000,Oct 2026,1,000,UNPAID,2026-10-04,2026-10-08,NaN,-,-,Purok 1 Tatarac Bayambang Pangasinan, Tabi ng church at center black gate,NaN
NaN,XTA_Princess_Ragasa,639917186962.000,230211175997 ( 230211175997),261005149.000,Oct 2026,1,000,UNPAID,2026-10-04,2026-10-11,NaN,-,-,Brgy Tatarac,NaN
NaN,XTA_Ramon_Maranon,639215759359.000,6500007 ( 6500007),261005150.000,Oct 2026,1,000,UNPAID,2026-10-25,2026-10-29,NaN,-,-,Rizal ST Brgy Tatarac Bayambang Pangasinan Ok,NaN
NaN,XTA_Ronald_Cancino,639317410727.000,1761031883 ( 1761031883),261005151.000,Oct 2026,1,000,UNPAID,2026-10-21,2026-10-26,NaN,-,-,Purok 1, Tatarac, Bayambang, Pangasinan,NaN
NaN,XTA_Rosemarie_Balmoja,639690196683.000,6500013 ( 6500013),261005152.000,Oct 2026,1,000,UNPAID,2026-10-15,2026-10-19,NaN,-,-,3 Brgy Tatarac Bayambang Pangasinan,NaN
NaN,XTA_Shirley_Dumlao,639303700086.000,1744256681 ( 1744256681),261005153.000,Oct 2026,1,000,UNPAID,2026-10-11,2026-10-15,NaN,-,-,Dalmacio purok 1 Tatarac Bayambang Pangasinan,NaN
NaN,XTA_Teddy_Ragot,639562837530.000,230204121015 ( 230204121015),261005154.000,Oct 2026,1,000,UNPAID,2026-10-06,2026-10-10,NaN,-,-,Agapito Tatarac Bayambang Pangasinan,NaN
NaN,XTA_Virgilio_Asuncion,639919386793.000,230204114828 ( 230204114828),261005155.000,Oct 2026,1,000,UNPAID,2026-10-28,2026-11-04,NaN,-,-,Tatarac Bayambang Pangasinan,NaN
NaN,XTA_William_Magsumbol,639919370454.000,6500039 ( 1719919946),261005156.000,Oct 2026,1,000,UNPAID,2026-10-30,2026-11-03,NaN,-,-,02 Agapito Tatarac Bayambang Pangasinan,NaN
NaN,XTA_Zaio_Ting,639505525259.000,6500050 ( 1726585756),261005157.000,Oct 2026,1,000,UNPAID,2026-10-18,2026-10-22,NaN,-,-,Agapito St, Brgy Tatarac Bayambang Pangasinan OK,NaN
NaN,XTE_Adessa_Bugarin,639501071821.000,6600035 ( 1722911853),261005158.000,Oct 2026,1,000,UNPAID,2026-10-14,2026-10-18,NaN,-,-,Purok 7 Brgy Telbang Bayambang Pangasinan,NaN
NaN,XTE_Aida_Delrosario,639076436979.000,230214104530 ( 230214104530),261005159.000,Oct 2026,799.000,UNPAID,2026-10-03,2026-10-10,NaN,-,-,BRGY TELBANG BYB PNG,NaN
NaN,XTE_Alfredo_Tagulao,639087016060.000,1738118122 ( 1738118122),261005160.000,Oct 2026,1,000,UNPAID,2026-10-28,2026-11-01,NaN,-,-,PUROK 1 TELBANG HIGHWAY BYB PNG,NaN
NaN,XTE_Allan_Ballesteros,639304213940.000,1754036626 ( 1754036626),261005161.000,Oct 2026,1,000,UNPAID,2026-10-05,2026-10-09,NaN,-,-,Purok 2, Telbang, Bayambang, Pangasinan,NaN
NaN,XTE_Alma_Anasco,639267732065.000,1742458410 ( 1742458410),260905234.000,Oct 2026,1,000,PAID,2026-10-05,2026-10-09,2026-09-30,GCASH,2208721.000,Purok 7 telbang B.Bang pangasinan,NaN
NaN,XTE_Alvin_Cayabyab,639509522501.000,6600072 ( 1740018281),261005162.000,Oct 2026,1,000,UNPAID,2026-10-25,2026-10-29,NaN,-,-,TELBANG BAYAMBANG PANGASINAN,NaN
NaN,XTE_Angel_DeJuan,639487777469.000,1788670607 ( 1788670607),261005163.000,Oct 2026,1,000,UNPAID,2026-10-08,2026-10-12,NaN,-,-,Brgy Telbang Bayambang Pangasinan In front of J&T Express,NaN
NaN,XTE_Aprilyn_Serran,639087166237.000,230211175991 ( 230211175991),261005164.000,Oct 2026,1,000,UNPAID,2026-10-04,2026-10-08,NaN,-,-,Brgy Telbang OK,NaN
NaN,XTE_Arnel_Maat,639278090721.000,1784888238 ( 1784888238),261005165.000,Oct 2026,1,000,PAID,2026-10-01,2026-10-05,2026-10-01,Cash,-,Purok 7, Telbang Bayambang Pangasinan,NaN
NaN,XTE_Arnel_Sabangan,639981539055.000,1751596963 ( 1751596963),261005166.000,Oct 2026,1,000,UNPAID,2026-10-11,2026-10-15,NaN,-,-,Purok 1 telang bayambang pangasinan OK,NaN
NaN,XTE_Baby_Usman,639396239752.000,6600051 ( 1726581519),261005167.000,Oct 2026,1,000,UNPAID,2026-10-26,2026-10-30,NaN,-,-,Purok 7 Muslin Compound Brgy Telbang Bayambang Pangasinan,NaN
NaN,XTE_Benjanina_Talinio,639707273782.000,6600001 ( 6600001),261005168.000,Oct 2026,1,000,UNPAID,2026-10-25,2026-10-29,NaN,-,-,Purok 6 Brgy Telbang Bayambang Pangasinan,NaN
NaN,XTE_Betty_Iglesias,639507673733.000,1754388534 ( 1754388534),261005169.000,Oct 2026,1,000,UNPAID,2026-10-07,2026-10-11,NaN,-,-,PUROK 7 TELBANG BYB PNG,NaN
NaN,XTE_CarlaYanes_Serran,639454221290.000,1772685491 ( 1772685491),261005170.000,Oct 2026,1,000,UNPAID,2026-10-09,2026-10-13,NaN,-,-,Telbang Dike Bayambang referred by: Belle Malicdem,NaN
NaN,XTE_Cesar_Rebustes,639636805029.000,1748246371 ( 1748246371),261005171.000,Oct 2026,1,000,UNPAID,2026-10-28,2026-11-02,NaN,-,-,Purok 1, Telbang, Bayambang, Pangasinan,NaN
NaN,XTE_Chanda_Galang,639291692584.000,6600053 ( 1727052109),261005172.000,Oct 2026,1,000,UNPAID,2026-10-12,2026-10-19,NaN,-,-,TELBANG HIGHWAY BYB PNG,NaN
NaN,XTE_Christian_Carino,639567325380.000,1749447768 ( 1749447768),261005173.000,Oct 2026,2,000,UNPAID,2026-10-17,2026-10-21,NaN,-,-,PUROK 1 TELBANG BYB PNG HIGH WAY,NaN
NaN,XTE_Cipriano_Delrosario,639090641902.000,1756782622 ( 1756782622),261005174.000,Oct 2026,1,000,UNPAID,2026-10-05,2026-10-09,NaN,-,-,Purok 2 Telbang B.Bang Pangasinan,NaN
NaN,XTE_Cledelmar_Diaz,639422394438.000,6600007 ( 6600007),261005175.000,Oct 2026,1,000,UNPAID,2026-10-29,2026-11-02,NaN,-,-,Telbang Bayambang Pangasinan,NaN
NaN,XTE_Dellie_Manuel,639635309662.000,1754128897 ( 1754128897),261005176.000,Oct 2026,1,000,UNPAID,2026-10-02,2026-10-06,NaN,-,-,Kyangan Purok 7 Telbang Bayambang Pangasinan OK,NaN
NaN,XTE_Efren_Caguioa,639464329245.000,1754382461 ( 1754382461),261005177.000,Oct 2026,1,000,UNPAID,2026-10-05,2026-10-09,NaN,-,-,Purok 7 Telbang, Bayambang, Pangasinan OK,NaN
NaN,XTE_Elizalde_Lobo,639304391655.000,1782807033 ( 1782807033),261005178.000,Oct 2026,1,000,UNPAID,2026-10-04,2026-10-08,NaN,-,-,293 Telbang Bayambang / Sancagullis Drink Well Water Station OK,NaN
NaN,XTE_Elma_Campo,639185034535.000,6600026 ( 1715924065),261005179.000,Oct 2026,1,000,UNPAID,2026-10-01,2026-10-05,NaN,-,-,Purok 7 Telbang,NaN
NaN,XTE_Faina_Mangandi,639319216148.000,1789086966 ( 1789086966),261005180.000,Oct 2026,1,000,UNPAID,2026-10-11,2026-10-15,NaN,-,-,Purok 6, Matampuhin St., Telbang, Bayambang, Pangasinan,NaN
NaN,XTE_Gleen_Mamaril,639399250210.000,6600010 ( 6600010),261005181.000,Oct 2026,1,000,UNPAID,2026-10-19,2026-10-23,NaN,-,-,PUROK 1 TELBANG BYB PNG,NaN
NaN,XTE_Glenda_Mimbalay,639695418791.000,6600063 ( 1732863999),261005182.000,Oct 2026,1,000,UNPAID,2026-10-12,2026-10-16,NaN,-,-,MUSLIM COMPOUND ZONE 7 BRGY TELBANG BYB PNG,NaN
NaN,XTE_Hania_Macadato,639301199779.000,6600030 ( 1719822255),261005183.000,Oct 2026,1,000,UNPAID,2026-10-27,2026-10-31,NaN,-,-,Purok 7 Telbang Bayambang,NaN
NaN,XTE_Helen_Diaz,639487457207.000,230327180711 ( 230327180711),261005184.000,Oct 2026,1,000,UNPAID,2026-10-24,2026-10-28,NaN,-,-,192 PUROK 4 TELBANG BYB PNG,NaN
NaN,XTE_Helen_Surait,639306498687.000,1784773568 ( 1784773568),261005185.000,Oct 2026,1,000,UNPAID,2026-10-24,2026-10-28,NaN,-,-,TELBANG BAYAMBANG PANGASINAN,NaN
NaN,XTE_Henry_Penuliar,639369067294.000,1766026777 ( 1766026777),261005186.000,Oct 2026,1,000,UNPAID,2026-10-10,2026-10-14,NaN,-,-,#75 telbang b.bang PANGASINAN,NaN
NaN,XTE_Ildefonso_Cayabyab,639515410453.000,1785926953 ( 1785926953),261005187.000,Oct 2026,1,000,UNPAID,2026-10-12,2026-10-16,NaN,-,-,Telbang Bayambang Pangasinan OK,NaN
NaN,XTE_Imelda_Iglesias,639308307070.000,6600060 ( 1731220512),261005188.000,Oct 2026,1,000,UNPAID,2026-10-06,2026-10-10,NaN,-,-,124 PUROK 3 BRGY TELBANG BYB PNG,NaN
NaN,XTE_Ivantiger_Abellera,639973171693.000,6600012 ( 6600012),261005189.000,Oct 2026,1,802,PAID,2026-10-10,2026-10-14,2026-10-01,Reconnection,-,Telbang Bayambang Pangasinan,NaN
NaN,XTE_Jazmin_Nanali,639385637720.000,1754018555 ( 1754018555),261005190.000,Oct 2026,1,000,UNPAID,2026-10-01,2026-10-05,NaN,-,-,Purok 7, Telbang, Bayambang, Pangasinan,NaN
NaN,XTE_Jeanifer_Pacquing,639182299140.000,6600059 ( 1731204514),261005191.000,Oct 2026,1,000,UNPAID,2026-10-15,2026-10-22,NaN,-,-,Purok 7 Brgy Telbang Bayambang Pangasinan DC JAN 27,NaN
NaN,XTE_Jelene_Abenidos,639686502022.000,6600017 ( 1709181303),261005192.000,Oct 2026,1,000,UNPAID,2026-10-03,2026-10-10,NaN,-,-,BRGY TELBANG BYB PNG,NaN
NaN,XTE_Jenith_Ismael,639558210585.000,6600065 ( 1732868172),261005193.000,Oct 2026,1,000,UNPAID,2026-10-12,2026-10-19,NaN,-,-,Purok 7 Brgy Telbang Pangasinan,NaN
NaN,XTE_JennyAnn_Mindanao,639076436967.000,230212110426 ( 230212110426),261005194.000,Oct 2026,799.000,UNPAID,2026-10-03,2026-10-10,NaN,-,-,BRGY TELBANG BYB PNG,NaN
NaN,XTE_Jerilyn_Pinto,639685116745.000,230211175987 ( 230211175987),261005195.000,Oct 2026,800.000,UNPAID,2026-10-08,2026-10-12,NaN,-,-,BRGY TELBANG BYB PNG,NaN
NaN,XTE_Jessica_Ellorza,639505089226.000,1776210634 ( 1776210634),261005196.000,Oct 2026,1,000,UNPAID,2026-10-15,2026-10-19,NaN,-,-,Purok1 Telbang Byb.,NaN
NaN,XTE_Jocelyn_Tabuga,639318377338.000,1770516011 ( 1770516011),261005197.000,Oct 2026,1,000,UNPAID,2026-10-09,2026-10-13,NaN,-,-,Telbang bayambang Pangasinan,NaN
NaN,XTE_Johara_Cuaresma,639176521292.000,1781572886 ( 1781572886),261005198.000,Oct 2026,1,000,UNPAID,2026-10-18,2026-10-22,NaN,-,-,Brgy. Telbang, Bayambang, Pangasinan OK,NaN
NaN,XTE_Joshua_Cayabyab,639460324622.000,6600005 ( 6600005),261005199.000,Oct 2026,1,000,UNPAID,2026-10-28,2026-11-03,NaN,-,-,173 Maligaya Brgy Telbang Bayambang Pangasinan,NaN
NaN,XTE_Judilyn_Bandas,639468835888.000,1747560196 ( 1747560196),261005200.000,Oct 2026,1,000,UNPAID,2026-10-18,2026-10-22,NaN,-,-,Purok 7 telbang bayambang panggasinan,NaN
NaN,XTE_Larry_Fernandez,639077710644.000,1780995716 ( 1780995716),261005201.000,Oct 2026,1,000,UNPAID,2026-10-13,2026-10-17,NaN,-,-,Purok 3 Telbang Bayambang Pangasinan,NaN
NaN,XTE_Leopoldo_Mangande,639512331133.000,1755848146 ( 1755848146),261005202.000,Oct 2026,1,500,UNPAID,2026-10-28,2026-11-02,NaN,-,-,218 Telbang B.Bang Pangasinan Port 3 Tech: Piolo/ Dong,NaN
NaN,XTE_Lilibeth_Batoon,639998532419.000,1745651925 ( 1745651925),261005203.000,Oct 2026,1,000,UNPAID,2026-10-28,2026-11-01,NaN,-,-,55 Telbang purok 1,NaN
NaN,XTE_Lorna_Macasieb,639605562848.000,1752735825 ( 1752735825),261005204.000,Oct 2026,1,000,UNPAID,2026-10-17,2026-10-21,NaN,-,-,PUROK 7 TELBANG BYB PNG // PORT 9 MIER / DONG,NaN
NaN,XTE_Loureen_Vinluan,639612913709.000,1754893158 ( 1754893158),261005205.000,Oct 2026,1,500,UNPAID,2026-10-11,2026-10-15,NaN,-,-,7 BRITISH TELBANG BYB PNG,NaN
NaN,XTE_Mamerto_Devera,639156914303.000,1747455617 ( 1747455617),261005206.000,Oct 2026,1,000,UNPAID,2026-10-24,2026-10-25,NaN,-,-,Telbang bayambang panggasinan,NaN
NaN,XTE_Mariekristine_Devera,639939427421.000,1742198143 ( 1742198143),261005207.000,Oct 2026,799.000,UNPAID,2026-10-17,2026-10-21,NaN,-,-,Purok 1 Telbang B.Bang Pangasinan,NaN
NaN,XTE_Marilyn_Valladares,639487325555.000,241110100941 ( 1731204783),261005208.000,Oct 2026,1,000,UNPAID,2026-10-04,2026-10-08,NaN,-,-,115 PUROK 2 BRGY TELBANG BYB PNG,NaN
NaN,XTE_Marina_Torres,639123454624.000,1754126539 ( 1754126539),261005209.000,Oct 2026,1,000,UNPAID,2026-10-07,2026-10-11,NaN,-,-,PUROK 6 telbang bayambang pangasinan,NaN
NaN,XTE_Marissa_Bautista,639393546316.000,6600029 ( 1716605809),261005210.000,Oct 2026,1,000,UNPAID,2026-10-28,2026-11-02,NaN,-,-,PUROK 2 TELBANG BYB PNG,NaN
NaN,XTE_Maritess_Ferrer,639100091642.000,1761622990 ( 1761622990),261005211.000,Oct 2026,1,000,UNPAID,2026-10-28,2026-11-08,NaN,-,-,36 Telbang B.Bang Pangasinan OK,NaN
NaN,XTE_Marlou_Cayabyab,639300004144.000,6600041 ( 1724123732),261005212.000,Oct 2026,1,000,UNPAID,2026-10-19,2026-10-23,NaN,-,-,BRGY TELBANG BYB PNG,NaN
NaN,XTE_Melanie_Junio,639484533925.000,230211175990 ( 230211175990),261005213.000,Oct 2026,1,000,UNPAID,2026-10-23,2026-10-30,NaN,-,-,KAMANGAHAN CADRE SITE BOUNDARY TELBANG BYB PNG,NaN
NaN,XTE_Michael_Bagayas,639496397310.000,1751685789 ( 1751685789),261005214.000,Oct 2026,1,000,UNPAID,2026-10-07,2026-10-11,NaN,-,-,Matampuhin St, Purok 6, Telbang, Bayambang, Pangasinan Charles/Piolo/Jerome 201- BYB LCP1 NP6 P4,NaN
NaN,XTE_Mohaifa_Bandas,639101814024.000,1768550293 ( 1768550293),261005215.000,Oct 2026,1,000,UNPAID,2026-10-19,2026-10-23,NaN,-,-,telbang purok 7 muslim compound,NaN
NaN,XTE_Nicaella_Bautista,639694436649.000,6600066 ( 1732872031),261005216.000,Oct 2026,1,000,UNPAID,2026-10-16,2026-10-20,NaN,-,-,Purok 7 Brgy Telbang Bayambang Pangasinan,NaN
NaN,XTE_Nico_Aquino,639207851687.000,1761371479 ( 1761371479),261005217.000,Oct 2026,1,000,UNPAID,2026-10-28,2026-11-05,NaN,-,-,Telbang, Bayambang, Pangasinan,NaN
NaN,XTE_Nissan_Mimbalay,639095915987.000,6600047 ( 1726369284),261005218.000,Oct 2026,1,000,UNPAID,2026-10-18,2026-10-22,NaN,-,-,PUROK 7 BRGY TELBANG BYB PNG,NaN
NaN,XTE_Popoy_Ima,639859792363.000,1747972436 ( 1747972436),261005219.000,Oct 2026,1,000,UNPAID,2026-10-01,2026-10-05,NaN,-,-,Purok 7 Telbang muslim Compound Bayambang Pangasinan,NaN
NaN,XTE_Princess_Medel,639087166237.000,6600014 ( 1707977549),261005220.000,Oct 2026,1,000,UNPAID,2026-10-15,2026-10-19,NaN,-,-,TELBANG DIKE BYB PNG,NaN
NaN,XTE_Rafael_Cayabyab,639306661456.000,1755159269 ( 1755159269),261005221.000,Oct 2026,799.000,UNPAID,2026-10-13,2026-10-17,NaN,-,-,Olmog Telbang Bayambang Pangasinan john/jeff lcp1/nap1/port 15,NaN
NaN,XTE_Ramon_Quintana,639277767844.000,1740109327 ( 1740109327),261005222.000,Oct 2026,1,000,UNPAID,2026-10-01,2026-10-05,NaN,-,-,Purok 1 Telbang bayambang pangasinan,NaN
NaN,XTE_Reginald_Nazar,639318459986.000,1754900980 ( 1754900980),261005223.000,Oct 2026,1,500,UNPAID,2026-10-20,2026-10-24,NaN,-,-,7 BRITISH TELBANG BYB PNG,NaN
NaN,XTE_Roel_Iglesias,639491049072.000,6600042 ( 1724133766),261005224.000,Oct 2026,1,000,UNPAID,2026-10-17,2026-10-21,NaN,-,-,BRGY TELBANG BYB PNG,NaN
NaN,XTE_Rohaina_Omar,639503037704.000,6600028 ( 1716171749),261005225.000,Oct 2026,1,000,UNPAID,2026-10-20,2026-10-24,NaN,-,-,PUROK 7 Telbang Bayambang PNG / LANDMARK Asiana learning school UNPAID AUG DC AUG 22,NaN
NaN,XTE_Rolando_Fausto,639465035271.000,230327180710 ( 230327180710),260905183.000,Oct 2026,0.000,PAID,2026-10-01,2026-10-05,2026-09-24,Reconnection,moved due date NEW DD ADJUSTED CLAIMED THE 3 DAYS service interruption due to maintenance rather than rebates,PUROK 4 TELBANG BYB PNG,NaN
NaN,XTE_Ronald_Laforteza,639504574644.000,1738740401 ( 1738740401),261005226.000,Oct 2026,1,000,UNPAID,2026-10-20,2026-10-24,NaN,-,-,#294 Purok 7 Telbang Bayambang Pangasinan,NaN
NaN,XTE_Rowel_Juanich,639924099657.000,1747103638 ( 1747103638),261005227.000,Oct 2026,1,000,UNPAID,2026-10-08,2026-10-12,NaN,-,-,Purok 5 telbang bayambang pangasinan,NaN
NaN,XTE_Saidamen_Bandas,639285710026.000,1750644667 ( 1750644667),261005228.000,Oct 2026,1,000,UNPAID,2026-10-03,2026-10-07,NaN,-,-,Purok 7 Telbang B.Bang Pangasinan - MUSLIM COMPOUND 201-1BYB65LCP1NP P16 PIOLO / PAPA DONG,NaN
NaN,XTE_Shirley_Tinte,639502909875.000,1777853692 ( 1777853692),261005229.000,Oct 2026,799.000,UNPAID,2026-10-05,2026-10-09,NaN,-,-,Purok 1, Sison compound Telbang,NaN
NaN,XTE_Tiaramae_Surait,639100360953.000,1761190200 ( 1761190200),261005230.000,Oct 2026,799.000,UNPAID,2026-10-23,2026-10-27,NaN,-,-,Purok 7 Telbang b.bang Pangasinan,NaN
NaN,XTE_Vangilyn_Cayabyab,639696105119.000,1738303307 ( 1738303307),261005231.000,Oct 2026,799.000,UNPAID,2026-10-01,2026-10-05,NaN,-,-,PUROK 6 TELBANG BYB PNG,NaN
NaN,XTE_Vience_Lopez,639567461170.000,1786753207 ( 1786753207),261005232.000,Oct 2026,799.000,UNPAID,2026-10-21,2026-10-25,NaN,-,-,Purok 4, Telbang, Bayambang Pangasinan,NaN
NaN,XTE_Virgie_Cayabyab,639669927998.000,6600011 ( 6600011),261005233.000,Oct 2026,1,000,UNPAID,2026-10-20,2026-10-24,NaN,-,-,BRGY TELBANG BYB PNG SIR JUAN AURA- 09164708606 TEMPORARY OWNER,NaN
NaN,XTE_Vivien_Gabriel,639199910105.000,6600036 ( 1722912692),260905221.000,Oct 2026,1,350,PAID,2026-10-05,2026-10-09,2026-10-01,Bank_Transfer,489010 maribank,Telbang Bayambang Pangasinan Front ng shell,NaN
NaN,XTE_Yolanda_Mamaril,639853080441.000,6600009 ( 6600009),261005234.000,Oct 2026,1,000,UNPAID,2026-10-08,2026-10-12,NaN,-,-,MATAMPUHIN ST.TELBANG DIKE BYB PNG,NaN
NaN,XTE_Yolanda_Yohanon,639634141829.000,6600071 ( 1736320736),261005235.000,Oct 2026,1,000,UNPAID,2026-10-19,2026-10-23,NaN,-,-,TEBANG HIGH WAY PUROK 1 BYB PNG,NaN
NaN,XTE_Zaldy_Ignas,639919366757.000,6600037 ( 1722934140),261005236.000,Oct 2026,1,000,UNPAID,2026-10-17,2026-10-21,NaN,-,-,PUROK 2 TELBANG BYB PNG,NaN
NaN,XVAC_Alexander_Ranay,639631562957.000,1762159098 ( 1762159098),261005237.000,Oct 2026,1,000,UNPAID,2026-10-03,2026-10-07,NaN,-,-,Zone 1 Vacante Bautista Pangasinan,NaN
NaN,XVAC_Carlito_Beltran,639075366438.000,1762225114 ( 1762225114),261005238.000,Oct 2026,799.000,UNPAID,2026-10-04,2026-10-08,NaN,-,-,Zone 1 Vacante Bautista Pangasinan,NaN
NaN,XWAR_Amando_Villalva,639157520286.000,1780908666 ( 1780908666),261005239.000,Oct 2026,799.000,UNPAID,2026-10-11,2026-10-15,NaN,-,-,Purok 1 Brgy. Warding Bayambang Pangasinan,NaN
NaN,XWAR_Antonia_Agustin,639674659073.000,1769318733 ( 1769318733),261005240.000,Oct 2026,1,000,UNPAID,2026-10-27,2026-10-31,NaN,-,-,Purok 5 warding bayambang pangasinan going to ambayat road after stallion gas station,NaN
NaN,XWAR_Christian_Catayna,639380517895.000,1772511306 ( 1772511306),261005241.000,Oct 2026,799.000,UNPAID,2026-10-04,2026-10-08,NaN,-,-,Purok 2 Warding Bayambang Pangasinan,NaN
NaN,XWAR_Delia_Feliciano,639959413103.000,6900042 ( 1738340667),261005242.000,Oct 2026,1,000,UNPAID,2026-10-28,2026-11-01,NaN,-,-,Purok 4 Brgy Warding Bayambang Pangasinan,NaN
NaN,XWAR_Editha_Bajado,639489791874.000,6900016 ( 6900016),261005243.000,Oct 2026,1,000,UNPAID,2026-10-25,2026-10-29,NaN,-,-,Purok 5 Brgy Warding Bayambang Pangasinan,NaN
NaN,XWAR_Gilbert_Lorenzana,639661796941.000,6900010 ( 6900010),261005244.000,Oct 2026,1,000,UNPAID,2026-10-28,2026-11-04,NaN,-,-,Purok 5 Brgy Warding Bayambang Pangasinan,NaN
NaN,XWAR_Irene_Agustin,639952054831.000,1781587646 ( 1781587646),261005245.000,Oct 2026,1,500,UNPAID,2026-10-18,2026-10-22,NaN,-,-,Purok 6 Brgy. Warding Bayambang Pangasinan OK,NaN
NaN,XWAR_Janeth_Grospe,639260110424.000,6900026 ( 1709629126),261005246.000,Oct 2026,1,000,UNPAID,2026-10-05,2026-10-09,NaN,-,-,PUROK 2 WARDING BYB PNG,NaN
NaN,XWAR_JudyAnn_Grospe,639120823081.000,6900008 ( 6900008),261005247.000,Oct 2026,1,000,UNPAID,2026-10-28,2026-11-04,NaN,-,-,Purok 2 Brgy Warding Bayambang Pangasinan,NaN
NaN,XWAR_Lucita_Santos_Banaga,639293433397.000,6900005 ( 6900005),261005248.000,Oct 2026,1,000,UNPAID,2026-10-16,2026-10-20,NaN,-,-,Purok 2 Brgy Warding Bayambang Pangasinan,NaN
NaN,XWAR_Marites_Kawasaki,639604020531.000,6900029 ( 1711009686),261005249.000,Oct 2026,1,000,UNPAID,2026-10-27,2026-10-31,NaN,-,-,Purok 2 Brgy Warding Bayambang Pangasinan,NaN
NaN,XWAR_Myra_Esteban,639667941239.000,1752048897 ( 1752048897),261005250.000,Oct 2026,799.000,UNPAID,2026-10-09,2026-10-13,NaN,-,-,Purok 3, Warding Bayambang Pangasinan Philippines 201-4BYB65LCP1NP4P8 Freddie / Jffrsn,NaN
NaN,XWAR_Nieves_Joaquin,639105125600.000,1739162147 ( 1739162147),261005251.000,Oct 2026,1,000,UNPAID,2026-10-11,2026-10-15,NaN,-,-,Purok 2 Warding BAYAMBANG PANGASINAN,NaN
NaN,XWAR_Norma_Bato,639484806752.000,1739354236 ( 1739354236),261005252.000,Oct 2026,1,000,UNPAID,2026-10-17,2026-10-21,NaN,-,-,Purok 4 warding B.Bang Pangasinan,NaN
NaN,XWAR_Precy_Factor,639464958748.000,1750301189 ( 1750301189),261005253.000,Oct 2026,799.000,UNPAID,2026-10-19,2026-10-23,NaN,-,-,Purok 3, Warding , Bayambang, Pangasinan,NaN
NaN,XWAR_Raymundo_Tamondong,639094860676.000,6900020 ( 6900020),261005254.000,Oct 2026,1,000,UNPAID,2026-10-04,2026-10-11,NaN,-,-,Purok 7 Brgy Warding Bayambang Pangasinan,NaN
NaN,XWAR_Rexallen_Pangan,639156894339.000,6900018 ( 6900018),261005255.000,Oct 2026,1,000,UNPAID,2026-10-18,2026-10-22,NaN,-,-,Purok 2 Warding Bayambang Pangasinan,NaN
NaN,XWAR_Rolando_Feliciano,639670718440.000,1738998641 ( 1738998641),260905214.000,Oct 2026,901.000,PAID,2026-10-08,2026-10-12,2026-09-28,Payment Gateway,-,PUROK 4 WARDING BAYAMBANG PANGASINAN,NaN
NaN,XWAR_Ronalyn_Andaya,639857580320.000,6900027 ( 1710135647),261005256.000,Oct 2026,1,000,UNPAID,2026-10-15,2026-10-19,NaN,-,-,Purok 3 Warding,NaN
NaN,XWAR_Ronolito_Esteban,639227842521.000,1739154881 ( 1739154881),261005257.000,Oct 2026,1,000,UNPAID,2026-10-10,2026-10-14,NaN,-,-,Purok 2 Warding BAYAMBANG PANGASINAN,NaN
NaN,XWAR_Rosario_Espejo,639562106353.000,1750930308 ( 1750930308),261005258.000,Oct 2026,1,000,UNPAID,2026-10-15,2026-10-19,NaN,-,-,Purok 1 warding bayambang Pangasinann 201-4BYB65LCP1NP3P2 Ma king / Gilbert,NaN
NaN,XWAR_Ryan_Libang,639917042010.000,1789905166 ( 1789905166),261005259.000,Oct 2026,799.000,UNPAID,2026-10-21,2026-10-25,NaN,-,-,Address (with Purok): Brgy. Warding, Purok 3, Bayambang, Pangasina Nearest Landmark: bandang likod ng bahay ni kapitan,NaN
NaN,XWAR_Teresita_Catacutan,639274779942.000,6900031 ( 1718094033),261005260.000,Oct 2026,1,000,UNPAID,2026-10-03,2026-10-07,NaN,-,-,Purok 5 Warding Bayambang, boundary ng ambayat at warding malapit po sa tindahan ni Paula Store, kapit bahay ni antonia agustin.,NaN
NaN,XWAR_Zarrah_Manuel,639685892857.000,1749610453 ( 1749610453),261005261.000,Oct 2026,1,000,UNPAID,2026-10-11,2026-10-15,NaN,-,-,Purok 5, Warding, Bayambang, Pangasinan,NaN
NaN,XWA_Alexis_Diaz,639054741887.000,1768891966 ( 1768891966),261005262.000,Oct 2026,1,000,UNPAID,2026-10-22,2026-10-26,NaN,-,-,WAWA BAYAMBANG, PANGASINAN,NaN
NaN,XWA_Ferdinand_Bato,639857736837.000,7000030 ( 1722936473),260905141.000,Oct 2026,1,000,PAID,2026-10-13,2026-10-17,2026-09-17,Cash,-,Brgy Wawa Bayambang Pangasinan,NaN
NaN,XWA_Joseph_Evangelista,639212293780.000,240423162329 ( 1713860622),261005263.000,Oct 2026,1,000,UNPAID,2026-10-28,2026-11-03,NaN,-,-,Wawa bayambang PNG,NaN
NaN,XWA_Lolita_Todio,639457965071.000,7000002 ( 7000002),261005264.000,Oct 2026,1,000,UNPAID,2026-10-21,2026-10-25,NaN,-,-,Wawa Bayambang Pangasinan,NaN
NaN,XWA_Lourdes_Aquino,639542959373.000,1757747065 ( 1757747065),261005265.000,Oct 2026,1,000,UNPAID,2026-10-13,2026-10-17,NaN,-,-,Purok 4 Brgy. Wawa Bayambang Pangasinan,NaN
NaN,XWA_MarkHenry_Datuin,639510778196.000,1768205271 ( 1768205271),261005266.000,Oct 2026,1,000,UNPAID,2026-10-19,2026-10-23,NaN,-,-,Brgy. Wawa Bayambang Pangasinan,NaN
NaN,XWA_Mylyn_Junio,639457317953.000,7000035 ( 1726581636),261005267.000,Oct 2026,1,000,UNPAID,2026-10-08,2026-10-12,NaN,-,-,Purok 4 Brgy Wawa Bayambang Pangasinan OK,NaN
NaN,XZ1_Daiki_Escano,639957145257.000,1780729224 ( 1780729224),261005268.000,Oct 2026,1,000,UNPAID,2026-10-25,2026-10-29,NaN,-,-,ZONE 1 POBLACION BAYAMBANG PANGASINAN OK,NaN
NaN,XZ1_Dante_Reyes,639517025356.000,232400003 ( 1740035873),261005269.000,Oct 2026,1,000,UNPAID,2026-10-18,2026-10-22,NaN,-,-,ZONE 1 BAYAMBANG PANGASINAN,NaN
NaN,XZ1_Julita_Dumanlang,639276630307.000,1778743507 ( 1778743507),261005270.000,Oct 2026,1,000,UNPAID,2026-10-15,2026-10-19,NaN,-,-,BLK 3 stall 2 Quadricentennial Bldg Rizal Ave. Zone 1 Bayambang Pangasinan,NaN
NaN,XZ1_Jyka_Evangelista,639998553070.000,1786754236 ( 1786754236),261005271.000,Oct 2026,799.000,UNPAID,2026-10-20,2026-10-24,NaN,-,-,#3 Bungalow Taming Apartment, Gomez Road, Zone 1, Bayambang, Pangasinan,NaN
NaN,XZ1_Kate_Visconde,639519533856.000,1756804040 ( 1756804040),261005272.000,Oct 2026,1,000,UNPAID,2026-10-22,2026-10-26,NaN,-,-,Zone 1 Quezon boulevard B.Bang Pangasinan,NaN
NaN,XZ1_Rodrigo_DeGuerto,639924100251.000,1778822936 ( 1778822936),261005273.000,Oct 2026,799.000,UNPAID,2026-10-15,2026-10-19,NaN,-,-,Bayambang Public Market Zone 1 Bayambang Pangasinan Beauty Salon,NaN
NaN,XZ1_Zarrah_Manuel,639772573338.000,1742206168 ( 1742206168),261005274.000,Oct 2026,1,000,UNPAID,2026-10-17,2026-10-21,NaN,-,-,Zone 1 Bayambang Pangasinan,NaN
NaN,XZ2_Illeanakiny_Galsim,639293741814.000,7400013 ( 1710241451),261005275.000,Oct 2026,1,000,UNPAID,2026-10-12,2026-10-16,NaN,-,-,Zone 2 Bayambang,NaN
NaN,XZ2_Kimeric_Nanlabi,639611998940.000,1748927829 ( 1748927829),261005276.000,Oct 2026,1,000,UNPAID,2026-10-03,2026-10-07,NaN,-,-,Zone1 BAYAMBANG PANGASINAN likod CSI OK,NaN
NaN,XZ2_Rljohn_Abeda,639602412935.000,1758794515 ( 1758794515),261005277.000,Oct 2026,1,500,UNPAID,2026-10-25,2026-10-29,NaN,-,-,zone 2 b.bang Pangasinan,NaN
NaN,XZ2_Ruel_Layacan,639513081683.000,1759134173 ( 1759134173),261005278.000,Oct 2026,1,500,UNPAID,2026-10-29,2026-11-02,NaN,-,-,Zone II, B'bang Pang.,NaN
NaN,XZ3_Clarence_Verceles,639690110221.000,7400011 ( 1709533323),261005279.000,Oct 2026,1,000,UNPAID,2026-10-04,2026-10-08,NaN,-,-,Zone 3 Bayambang Pangasinan,NaN
NaN,XZ3_Elizalde_Lobo,639304391655.000,1755599491 ( 1755599491),261005280.000,Oct 2026,1,000,UNPAID,2026-10-25,2026-10-30,NaN,-,-,Zone 3 Burgos St. Bayambang Pangasinan Port 6 Piolo,NaN
NaN,XZ3_Jaime_Reyes,639483225548.000,1787368903 ( 1787368903),261005281.000,Oct 2026,901.000,UNPAID,2026-10-22,2026-10-26,NaN,-,-,Zone 3, Bayambang, Pangasinan,NaN
NaN,XZ3_Jeffrey_Cabrito,639817465112.000,7400012 ( 1709603561),261005282.000,Oct 2026,1,000,UNPAID,2026-10-20,2026-10-24,NaN,-,-,z3 Burgos Street Bayambang OK,NaN
NaN,XZ3_KeishaKamill_Balane,639480988763.000,1783938671 ( 1783938671),261005283.000,Oct 2026,1,000,UNPAID,2026-10-14,2026-10-18,NaN,-,-,Brgy.Zone III Burgos St. BAYAMBANG PANGASINAN OK,NaN
NaN,XZ3_Lyka_Sanchez,639509490211.000,7400009 ( 1707983808),261005284.000,Oct 2026,799.000,UNPAID,2026-10-25,2026-10-29,NaN,-,-,Zone 3 Bayambang OK,NaN
NaN,XZ3_Zarrah_Manuel,639772573338.000,1771572503 ( 1771572503),261005285.000,Oct 2026,1,000,UNPAID,2026-10-21,2026-10-25,NaN,-,-,in front of PSU second gate MOMOYO,NaN
NaN,XZ4_ChristianDave_Quitaleg,639667900448.000,1783043379 ( 1783043379),261005286.000,Oct 2026,1,000,UNPAID,2026-10-04,2026-10-08,NaN,-,-,Sagun Bldg 3rd floor, Zone 4, Bayambang, Pangasinan unang pinto tabi ng hagdan OK,NaN
NaN,XZ4_Ismael_Malicdem,639399358699.000,7400001 ( 7400001),261005287.000,Oct 2026,1,500,UNPAID,2026-10-16,2026-10-20,NaN,-,-,#6 Bonifacio ST, Brgy Zone IV Bayambang Pangasinan LONG:120.456136 LAT: 15.813181,NaN
NaN,XZ4_KylaMae_Camacho,639092382165.000,1779939742 ( 1779939742),261005288.000,Oct 2026,1,000,UNPAID,2026-10-28,2026-11-01,NaN,-,-,Zone 4 Burgos Street Bayambang Pangasinan,NaN
NaN,XZ4_Lorraine_Sagun,639208434201.000,1754555282 ( 1754555282),261005289.000,Oct 2026,1,500,UNPAID,2026-10-07,2026-10-11,NaN,-,-,ZONE 4 BYB PNG,NaN
NaN,XZ4_RenzDaniel_Solomon,639274531300.000,1786765324 ( 1786765324),261005290.000,Oct 2026,1,000,UNPAID,2026-10-22,2026-10-26,NaN,-,-,Zone 4 Poblacion West, Bautista, Pangasinan,NaN
NaN,XZ5_Charlene_Barboza,639647625148.000,1785465637 ( 1785465637),261005291.000,Oct 2026,1,000,PAID,2026-10-01,2026-10-05,2026-10-01,Cash,-,76, Zone 5, Bayambang Pangasinan OK,NaN
NaN,XZ5_Marilyn_Abalos,639380030227.000,1755349751 ( 1755349751),261005292.000,Oct 2026,1,000,UNPAID,2026-10-18,2026-10-22,NaN,-,-,zone 5 dike bayambang port 12 making / boss D,NaN
NaN,XZ5_Shehani_Garbosa,639928981059.000,1769246347 ( 1769246347),261005293.000,Oct 2026,1,500,UNPAID,2026-10-25,2026-10-29,NaN,-,-,ZONE V BAYAMBANG, PANGASINAN OK,NaN
NaN,XZ6_Angelbert_Acosta,639156874520.000,250402133043 ( 1743571851),261005294.000,Oct 2026,1,000,UNPAID,2026-10-14,2026-10-18,NaN,-,-,ZONE VI BAYAMBANG PANGASINAN,NaN
NaN,XZ6_April_Roldan,639275436559.000,7600044 ( 1730389986),261005295.000,Oct 2026,1,000,UNPAID,2026-10-06,2026-10-12,NaN,-,-,79 Purok 3 Brgy Zone 6 Bayambang Pangasinan,NaN
NaN,XZ6_Aris_Gray,639481786076.000,1789101054 ( 1789101054),261005296.000,Oct 2026,1,000,UNPAID,2026-10-13,2026-10-17,NaN,-,-,zone vi bayambang pangasinan landmar: Campo,NaN
NaN,XZ6_Digna_Guevara,639291473155.000,7600025 ( 1708671953),261005297.000,Oct 2026,1,000,UNPAID,2026-10-01,2026-10-08,NaN,-,-,Zone 6 Bayambang OK,NaN
NaN,XZ6_Edelyn_Soriano,639693578039.000,1756525795 ( 1756525795),261005298.000,Oct 2026,1,000,UNPAID,2026-10-01,2026-10-05,NaN,-,-,Zone 6 bayambang pangasinan,NaN
NaN,XZ6_Emma_Duenas,639919226964.000,7600047 ( 1735652758),261005299.000,Oct 2026,1,000,UNPAID,2026-10-28,2026-11-06,NaN,-,-,Brgy Zone VI Bayambang Pangasinan,NaN
NaN,XZ6_Eric_Imatong,639999822328.000,1778200034 ( 1778200034),261005300.000,Oct 2026,1,000,UNPAID,2026-10-04,2026-10-08,NaN,-,-,Brgy Zone VI, Bayambang, Pangasinan,NaN
NaN,XZ6_Frelon_Puda,639461999306.000,7600018 ( 7600018),261005301.000,Oct 2026,1,000,UNPAID,2026-10-28,2026-11-01,NaN,-,-,Campo Zone VI Bayambang Pangasinan UNPAID SEPT DC OCT 2 recon oct 2,NaN
NaN,XZ6_Jessica_Terrado,639386883822.000,1775815973 ( 1775815973),261005302.000,Oct 2026,1,000,UNPAID,2026-10-09,2026-10-13,NaN,-,-,Brgy.Zone VI,Bayambang, Pangasinan,NaN
NaN,XZ6_Jetanee_Delfin,639365060409.000,7600006 ( 7600006),261005303.000,Oct 2026,1,000,UNPAID,2026-10-09,2026-10-13,NaN,-,-,Purok 3 Brgy Zone VI bayambang pangasinan OK,NaN
NaN,XZ6_Joel_Deguzman,639501071250.000,7600001 ( 7600001),261005304.000,Oct 2026,1,000,UNPAID,2026-10-15,2026-10-19,NaN,-,-,119 Zone VI Bayambang Pangasinan OK,NaN
NaN,XZ6_Jonathan_Bautista,639606887414.000,7600041 ( 1726585542),261005305.000,Oct 2026,1,000,UNPAID,2026-10-13,2026-10-17,NaN,-,-,Purok 3 Brgy Zone VI Bayambang Pangasinan UNPAID OCT DC OCT 21 RECON NOV 19,NaN
NaN,XZ6_Karla_Anasco,639666273631.000,7600005 ( 7600005),261005306.000,Oct 2026,1,000,UNPAID,2026-10-16,2026-10-20,NaN,-,-,Brgy Zone VI Bayambang Pangasinan 2months unpaid dc feb 11 RECON MARCH 8 2025,NaN
NaN,XZ6_Kurtjohn_Datuin,639384939161.000,1744095451 ( 1744095451),261005307.000,Oct 2026,799.000,UNPAID,2026-10-19,2026-10-23,NaN,-,-,Zone 6 bayambang Pangasinan OK,NaN
NaN,XZ6_Leuwin_Rosales,639271917548.000,7600012 ( 7600012),261005308.000,Oct 2026,1,000,UNPAID,2026-10-03,2026-10-07,NaN,-,-,Zone VI Poblacion Bayambang Pangasinan OK,NaN
NaN,XZ6_MarkAnthony_Oroy,639813176759.000,1782024615 ( 1782024615),261005309.000,Oct 2026,1,000,UNPAID,2026-10-22,2026-10-26,NaN,-,-,Zone 6 Campo, Bayambang, Pangasinan OK,NaN
NaN,XZ6_Maryann_Royo,639100634998.000,7600033 ( 1714379199),261005310.000,Oct 2026,1,000,UNPAID,2026-10-07,2026-10-11,NaN,-,-,Zone 6 Bayambang,NaN
NaN,XZ6_Maryjoy_Tabuga,639569673758.000,1755332382 ( 1755332382),261005311.000,Oct 2026,1,000,UNPAID,2026-10-18,2026-10-22,NaN,-,-,Zone 6, Bayambang, Pangasinan LCP 1 NAP 5 PORT 12 PIOLO/JEROME,NaN
NaN,XZ6_Mayann_Marcadejas,639946189627.000,7600050 ( 1740805962),261005312.000,Oct 2026,799.000,UNPAID,2026-10-25,2026-10-29,NaN,-,-,BRGY. ZONE VI BAYAMBANG PANGASINAN,NaN
NaN,XZ6_Merlyn_Magalong,639940134626.000,7400008 ( 7400008),261005313.000,Oct 2026,1,000,UNPAID,2026-10-09,2026-10-13,NaN,-,-,Perez St, Zone 7 Bayambang Pangasinan OK,NaN
NaN,XZ6_Raquel_Palisoc,639638592552.000,7600003 ( 7600003),261005314.000,Oct 2026,799.000,UNPAID,2026-10-10,2026-10-14,NaN,-,-,Zone 6 Aquino Apartment Bayambang Pangasinan,NaN
NaN,XZ6_Resly_Deguzman,639099414422.000,7600042 ( 1730260308),261005315.000,Oct 2026,1,000,UNPAID,2026-10-28,2026-11-02,NaN,-,-,69 Brgy Zone 6 Bayambang Pangasinan UNPAID NOV DC DEC 4 PAID 11-25,NaN
NaN,XZ6_Rowena_Gray,639499174303.000,7600017 ( 7600017),261005316.000,Oct 2026,1,000,UNPAID,2026-10-25,2026-10-29,NaN,-,-,Purok 2 Zone VI Bayambang Pangasinan OK,NaN
NaN,XZ6_Rowena_Gray2,639499174303.000,1737341276 ( 1737341276),261005317.000,Oct 2026,1,000,UNPAID,2026-10-10,2026-10-14,NaN,-,-,BRGY ZONE 6 BAYAMBANG PANGASINAN,NaN
NaN,XZ7_Glen_Sobrino,639151383812.000,6400096 ( 1740637752),261005318.000,Oct 2026,1,000,UNPAID,2026-10-25,2026-10-29,NaN,-,-,Zone 7, BAYAMBANG Pang.,NaN
NaN,XZ7_Rodeliza_Macalanda,639558996272.000,7600046 ( 1732857868),261005319.000,Oct 2026,1,000,UNPAID,2026-10-20,2026-10-24,NaN,-,-,Rizal Zone 7 Bayambang Pangsinan ========== DC 10/28/25 - Ice,NaN